2026-02-22 22:15:03,077 - paramiko.transport - DEBUG - starting thread (server mode): 0xc4aab2d0
2026-02-22 22:15:03,077 - paramiko.transport - DEBUG - Local version/idstring: SSH-2.0-OpenSSH_8.2p1
2026-02-22 22:15:03,077 - paramiko.transport - DEBUG - Remote version/idstring: SSH-2.0-JSCH-0.1.72
2026-02-22 22:15:03,077 - paramiko.transport - INFO - Connected (version 2.0, client JSCH-0.1.72)
2026-02-22 22:15:03,085 - paramiko.transport - DEBUG - === Key exchange possibilities ===
2026-02-22 22:15:03,085 - paramiko.transport - DEBUG - kex algos: ecdh-sha2-nistp256, ecdh-sha2-nistp384, ecdh-sha2-nistp521, diffie-hellman-group-exchange-sha256, diffie-hellman-group16-sha512, diffie-hellman-group18-sha512, diffie-hellman-group14-sha256, ext-info-c
2026-02-22 22:15:03,085 - paramiko.transport - DEBUG - server key: ecdsa-sha2-nistp256, ecdsa-sha2-nistp384, ecdsa-sha2-nistp521, rsa-sha2-512, rsa-sha2-256, ssh-rsa
2026-02-22 22:15:03,085 - paramiko.transport - DEBUG - client encrypt: aes128-ctr, aes192-ctr, aes256-ctr, aes128-gcm@openssh.com, aes256-gcm@openssh.com
2026-02-22 22:15:03,085 - paramiko.transport - DEBUG - server encrypt: aes128-ctr, aes192-ctr, aes256-ctr, aes128-gcm@openssh.com, aes256-gcm@openssh.com
2026-02-22 22:15:03,085 - paramiko.transport - DEBUG - client mac: hmac-sha2-256-etm@openssh.com, hmac-sha2-512-etm@openssh.com, hmac-sha1-etm@openssh.com, hmac-sha2-256, hmac-sha2-512, hmac-sha1
2026-02-22 22:15:03,085 - paramiko.transport - DEBUG - server mac: hmac-sha2-256-etm@openssh.com, hmac-sha2-512-etm@openssh.com, hmac-sha1-etm@openssh.com, hmac-sha2-256, hmac-sha2-512, hmac-sha1
2026-02-22 22:15:03,085 - paramiko.transport - DEBUG - client compress: none
2026-02-22 22:15:03,085 - paramiko.transport - DEBUG - server compress: none
2026-02-22 22:15:03,085 - paramiko.transport - DEBUG - client lang: <none>
2026-02-22 22:15:03,085 - paramiko.transport - DEBUG - server lang: <none>
2026-02-22 22:15:03,085 - paramiko.transport - DEBUG - kex follows: False
2026-02-22 22:15:03,085 - paramiko.transport - DEBUG - === Key exchange agreements ===
2026-02-22 22:15:03,085 - paramiko.transport - DEBUG - Kex: ecdh-sha2-nistp256
2026-02-22 22:15:03,085 - paramiko.transport - DEBUG - HostKey: rsa-sha2-512
2026-02-22 22:15:03,085 - paramiko.transport - DEBUG - Cipher: aes128-ctr
2026-02-22 22:15:03,085 - paramiko.transport - DEBUG - MAC: hmac-sha2-256-etm@openssh.com
2026-02-22 22:15:03,085 - paramiko.transport - DEBUG - Compression: none
2026-02-22 22:15:03,085 - paramiko.transport - DEBUG - === End of kex handshake ===
2026-02-22 22:15:03,098 - paramiko.transport - DEBUG - kex engine KexNistp256 specified hash_algo <built-in function openssl_sha256>
2026-02-22 22:15:03,222 - paramiko.transport - DEBUG - Switch to new keys ...
2026-02-22 22:15:03,238 - paramiko.transport - DEBUG - Auth request (type=none) service=ssh-connection, username=davide
2026-02-22 22:15:03,239 - paramiko.transport - INFO - Auth rejected (none).
2026-02-22 22:15:03,243 - paramiko.transport - DEBUG - Auth request (type=keyboard-interactive) service=ssh-connection, username=davide
2026-02-22 22:15:03,244 - paramiko.transport - INFO - Auth rejected (keyboard-interactive).
2026-02-22 22:15:03,248 - paramiko.transport - DEBUG - Auth request (type=password) service=ssh-connection, username=davide
2026-02-22 22:15:03,669 - paramiko.transport - INFO - Auth granted (password).
2026-02-22 22:15:03,709 - paramiko.transport - INFO - DEBUG: check_channel_request kind=session chanid=0
2026-02-22 22:15:03,709 - paramiko.transport - DEBUG - [chan 0] Max packet in: 32768 bytes
2026-02-22 22:15:03,709 - paramiko.transport - DEBUG - [chan 0] Max packet out: 16384 bytes
2026-02-22 22:15:03,710 - paramiko.transport - DEBUG - Secsh channel 0 (session) opened.
2026-02-22 22:15:03,921 - paramiko.transport - DEBUG - starting thread (server mode): 0xc4ae1150
2026-02-22 22:15:03,921 - paramiko.transport - DEBUG - Local version/idstring: SSH-2.0-OpenSSH_8.2p1
2026-02-22 22:15:03,922 - paramiko.transport - DEBUG - Remote version/idstring: SSH-2.0-JSCH-0.1.72
2026-02-22 22:15:03,922 - paramiko.transport - INFO - Connected (version 2.0, client JSCH-0.1.72)
2026-02-22 22:15:03,926 - paramiko.transport - DEBUG - === Key exchange possibilities ===
2026-02-22 22:15:03,926 - paramiko.transport - DEBUG - kex algos: ecdh-sha2-nistp256, ecdh-sha2-nistp384, ecdh-sha2-nistp521, diffie-hellman-group-exchange-sha256, diffie-hellman-group16-sha512, diffie-hellman-group18-sha512, diffie-hellman-group14-sha256, ext-info-c
2026-02-22 22:15:03,926 - paramiko.transport - DEBUG - server key: ecdsa-sha2-nistp256, ecdsa-sha2-nistp384, ecdsa-sha2-nistp521, rsa-sha2-512, rsa-sha2-256, ssh-rsa
2026-02-22 22:15:03,926 - paramiko.transport - DEBUG - client encrypt: aes128-ctr, aes192-ctr, aes256-ctr, aes128-gcm@openssh.com, aes256-gcm@openssh.com
2026-02-22 22:15:03,926 - paramiko.transport - DEBUG - server encrypt: aes128-ctr, aes192-ctr, aes256-ctr, aes128-gcm@openssh.com, aes256-gcm@openssh.com
2026-02-22 22:15:03,926 - paramiko.transport - DEBUG - client mac: hmac-sha2-256-etm@openssh.com, hmac-sha2-512-etm@openssh.com, hmac-sha1-etm@openssh.com, hmac-sha2-256, hmac-sha2-512, hmac-sha1
2026-02-22 22:15:03,926 - paramiko.transport - DEBUG - server mac: hmac-sha2-256-etm@openssh.com, hmac-sha2-512-etm@openssh.com, hmac-sha1-etm@openssh.com, hmac-sha2-256, hmac-sha2-512, hmac-sha1
2026-02-22 22:15:03,926 - paramiko.transport - DEBUG - client compress: none
2026-02-22 22:15:03,926 - paramiko.transport - DEBUG - server compress: none
2026-02-22 22:15:03,926 - paramiko.transport - DEBUG - client lang: <none>
2026-02-22 22:15:03,926 - paramiko.transport - DEBUG - server lang: <none>
2026-02-22 22:15:03,926 - paramiko.transport - DEBUG - kex follows: False
2026-02-22 22:15:03,926 - paramiko.transport - DEBUG - === Key exchange agreements ===
2026-02-22 22:15:03,926 - paramiko.transport - DEBUG - Kex: ecdh-sha2-nistp256
2026-02-22 22:15:03,926 - paramiko.transport - DEBUG - HostKey: rsa-sha2-512
2026-02-22 22:15:03,926 - paramiko.transport - DEBUG - Cipher: aes128-ctr
2026-02-22 22:15:03,926 - paramiko.transport - DEBUG - MAC: hmac-sha2-256-etm@openssh.com
2026-02-22 22:15:03,926 - paramiko.transport - DEBUG - Compression: none
2026-02-22 22:15:03,926 - paramiko.transport - DEBUG - === End of kex handshake ===
2026-02-22 22:15:03,935 - paramiko.transport - DEBUG - kex engine KexNistp256 specified hash_algo <built-in function openssl_sha256>
2026-02-22 22:15:03,944 - paramiko.transport - DEBUG - Switch to new keys ...
2026-02-22 22:15:03,951 - paramiko.transport - DEBUG - Auth request (type=none) service=ssh-connection, username=davide
2026-02-22 22:15:03,951 - paramiko.transport - INFO - Auth rejected (none).
2026-02-22 22:15:03,954 - paramiko.transport - DEBUG - Auth request (type=keyboard-interactive) service=ssh-connection, username=davide
2026-02-22 22:15:03,954 - paramiko.transport - INFO - Auth rejected (keyboard-interactive).
2026-02-22 22:15:03,957 - paramiko.transport - DEBUG - Auth request (type=password) service=ssh-connection, username=davide
2026-02-22 22:15:04,335 - paramiko.transport - INFO - Auth granted (password).
2026-02-22 22:15:04,472 - paramiko.transport - INFO - DEBUG: check_channel_request kind=session chanid=0
2026-02-22 22:15:04,472 - paramiko.transport - DEBUG - [chan 0] Max packet in: 32768 bytes
2026-02-22 22:15:04,472 - paramiko.transport - DEBUG - [chan 0] Max packet out: 16384 bytes
2026-02-22 22:15:04,472 - paramiko.transport - DEBUG - Secsh channel 0 (session) opened.
2026-02-22 22:15:04,489 - paramiko.transport - INFO - DEBUG: check_channel_request kind=session chanid=1
2026-02-22 22:15:04,489 - paramiko.transport - DEBUG - [chan 1] Max packet in: 32768 bytes
2026-02-22 22:15:04,489 - paramiko.transport - DEBUG - [chan 1] Max packet out: 32768 bytes
2026-02-22 22:15:04,489 - paramiko.transport - DEBUG - Secsh channel 1 (session) opened.
2026-02-22 22:15:04,499 - paramiko.transport - DEBUG - [chan 0] EOF sent (0)
2026-02-22 22:15:04,499 - paramiko.transport - DEBUG - Starting handler for subsystem sftp
2026-02-22 22:15:04,500 - paramiko.transport.sftp - DEBUG - [chan 1] Started sftp server on channel <paramiko.Channel 1 (open) window=2097152 -> <paramiko.Transport at 0xc4ae1150 (cipher aes128-ctr, 128 bits) (active; 1 open channel(s))>>
2026-02-22 22:15:04,566 - paramiko.transport.sftp - DEBUG - [chan 1] Request: realpath
2026-02-22 22:15:04,571 - paramiko.transport.sftp - DEBUG - [chan 1] Request: stat
2026-02-22 22:15:04,609 - paramiko.transport.sftp - DEBUG - [chan 1] Request: stat
2026-02-22 22:15:04,617 - paramiko.transport.sftp - DEBUG - [chan 1] Request: stat
2026-02-22 22:15:04,620 - paramiko.transport.sftp - DEBUG - [chan 1] Request: opendir
2026-02-22 22:15:04,628 - paramiko.transport.sftp - DEBUG - [chan 1] Request: readdir
2026-02-22 22:15:04,632 - paramiko.transport.sftp - DEBUG - [chan 1] Request: readdir
2026-02-22 22:15:04,635 - paramiko.transport.sftp - DEBUG - [chan 1] Request: close
2026-02-22 22:15:13,779 - paramiko.transport - DEBUG - Received global request "keepalive@jcraft.com"
2026-02-22 22:15:23,815 - paramiko.transport - DEBUG - Received global request "keepalive@jcraft.com"
2026-02-22 22:15:42,136 - paramiko.transport - ERROR - Socket exception: Connection reset by peer (104)
2026-02-22 22:15:42,136 - paramiko.transport - ERROR - Socket exception: Connection reset by peer (104)
2026-02-22 22:15:42,136 - paramiko.transport.sftp - DEBUG - [chan 1] EOF -- end of session
2026-03-13 12:35:27,138 - paramiko.transport - DEBUG - starting thread (server mode): 0x39c00590
2026-03-13 12:35:27,145 - paramiko.transport - DEBUG - Local version/idstring: SSH-2.0-OpenSSH_8.2p1
2026-03-13 12:35:27,146 - paramiko.transport - DEBUG - Remote version/idstring: SSH-2.0-JSCH-0.1.72
2026-03-13 12:35:27,146 - paramiko.transport - INFO - Connected (version 2.0, client JSCH-0.1.72)
2026-03-13 12:35:27,241 - paramiko.transport - DEBUG - === Key exchange possibilities ===
2026-03-13 12:35:27,241 - paramiko.transport - DEBUG - kex algos: ecdh-sha2-nistp256, ecdh-sha2-nistp384, ecdh-sha2-nistp521, diffie-hellman-group-exchange-sha256, diffie-hellman-group16-sha512, diffie-hellman-group18-sha512, diffie-hellman-group14-sha256, ext-info-c
2026-03-13 12:35:27,242 - paramiko.transport - DEBUG - server key: ecdsa-sha2-nistp256, ecdsa-sha2-nistp384, ecdsa-sha2-nistp521, rsa-sha2-512, rsa-sha2-256, ssh-rsa
2026-03-13 12:35:27,242 - paramiko.transport - DEBUG - client encrypt: aes128-ctr, aes192-ctr, aes256-ctr, aes128-gcm@openssh.com, aes256-gcm@openssh.com
2026-03-13 12:35:27,242 - paramiko.transport - DEBUG - server encrypt: aes128-ctr, aes192-ctr, aes256-ctr, aes128-gcm@openssh.com, aes256-gcm@openssh.com
2026-03-13 12:35:27,242 - paramiko.transport - DEBUG - client mac: hmac-sha2-256-etm@openssh.com, hmac-sha2-512-etm@openssh.com, hmac-sha1-etm@openssh.com, hmac-sha2-256, hmac-sha2-512, hmac-sha1
2026-03-13 12:35:27,242 - paramiko.transport - DEBUG - server mac: hmac-sha2-256-etm@openssh.com, hmac-sha2-512-etm@openssh.com, hmac-sha1-etm@openssh.com, hmac-sha2-256, hmac-sha2-512, hmac-sha1
2026-03-13 12:35:27,242 - paramiko.transport - DEBUG - client compress: none
2026-03-13 12:35:27,242 - paramiko.transport - DEBUG - server compress: none
2026-03-13 12:35:27,242 - paramiko.transport - DEBUG - client lang: <none>
2026-03-13 12:35:27,242 - paramiko.transport - DEBUG - server lang: <none>
2026-03-13 12:35:27,242 - paramiko.transport - DEBUG - kex follows: False
2026-03-13 12:35:27,242 - paramiko.transport - DEBUG - === Key exchange agreements ===
2026-03-13 12:35:27,243 - paramiko.transport - DEBUG - Kex: ecdh-sha2-nistp256
2026-03-13 12:35:27,243 - paramiko.transport - DEBUG - HostKey: rsa-sha2-512
2026-03-13 12:35:27,243 - paramiko.transport - DEBUG - Cipher: aes128-ctr
2026-03-13 12:35:27,243 - paramiko.transport - DEBUG - MAC: hmac-sha2-256-etm@openssh.com
2026-03-13 12:35:27,243 - paramiko.transport - DEBUG - Compression: none
2026-03-13 12:35:27,243 - paramiko.transport - DEBUG - === End of kex handshake ===
2026-03-13 12:35:27,361 - paramiko.transport - DEBUG - kex engine KexNistp256 specified hash_algo <built-in function openssl_sha256>
2026-03-13 12:35:27,429 - paramiko.transport - DEBUG - Switch to new keys ...
2026-03-13 12:35:27,669 - paramiko.transport - DEBUG - Auth request (type=none) service=ssh-connection, username=davide
2026-03-13 12:35:27,670 - paramiko.transport - INFO - Auth rejected (none).
2026-03-13 12:35:27,736 - paramiko.transport - DEBUG - Auth request (type=keyboard-interactive) service=ssh-connection, username=davide
2026-03-13 12:35:27,737 - paramiko.transport - INFO - Auth rejected (keyboard-interactive).
2026-03-13 12:35:27,790 - paramiko.transport - DEBUG - Auth request (type=password) service=ssh-connection, username=davide
2026-03-13 12:35:28,336 - paramiko.transport - INFO - Auth granted (password).
2026-03-13 12:35:28,429 - paramiko.transport - INFO - DEBUG: check_channel_request kind=session chanid=0
2026-03-13 12:35:28,430 - paramiko.transport - DEBUG - [chan 0] Max packet in: 32768 bytes
2026-03-13 12:35:28,430 - paramiko.transport - DEBUG - [chan 0] Max packet out: 16384 bytes
2026-03-13 12:35:28,430 - paramiko.transport - DEBUG - Secsh channel 0 (session) opened.
2026-03-13 12:35:28,757 - paramiko.transport - DEBUG - starting thread (server mode): 0x39c23ad0
2026-03-13 12:35:28,757 - paramiko.transport - DEBUG - Local version/idstring: SSH-2.0-OpenSSH_8.2p1
2026-03-13 12:35:28,757 - paramiko.transport - DEBUG - Remote version/idstring: SSH-2.0-JSCH-0.1.72
2026-03-13 12:35:28,757 - paramiko.transport - INFO - Connected (version 2.0, client JSCH-0.1.72)
2026-03-13 12:35:28,837 - paramiko.transport - DEBUG - === Key exchange possibilities ===
2026-03-13 12:35:28,837 - paramiko.transport - DEBUG - kex algos: ecdh-sha2-nistp256, ecdh-sha2-nistp384, ecdh-sha2-nistp521, diffie-hellman-group-exchange-sha256, diffie-hellman-group16-sha512, diffie-hellman-group18-sha512, diffie-hellman-group14-sha256, ext-info-c
2026-03-13 12:35:28,837 - paramiko.transport - DEBUG - server key: ecdsa-sha2-nistp256, ecdsa-sha2-nistp384, ecdsa-sha2-nistp521, rsa-sha2-512, rsa-sha2-256, ssh-rsa
2026-03-13 12:35:28,837 - paramiko.transport - DEBUG - client encrypt: aes128-ctr, aes192-ctr, aes256-ctr, aes128-gcm@openssh.com, aes256-gcm@openssh.com
2026-03-13 12:35:28,837 - paramiko.transport - DEBUG - server encrypt: aes128-ctr, aes192-ctr, aes256-ctr, aes128-gcm@openssh.com, aes256-gcm@openssh.com
2026-03-13 12:35:28,837 - paramiko.transport - DEBUG - client mac: hmac-sha2-256-etm@openssh.com, hmac-sha2-512-etm@openssh.com, hmac-sha1-etm@openssh.com, hmac-sha2-256, hmac-sha2-512, hmac-sha1
2026-03-13 12:35:28,837 - paramiko.transport - DEBUG - server mac: hmac-sha2-256-etm@openssh.com, hmac-sha2-512-etm@openssh.com, hmac-sha1-etm@openssh.com, hmac-sha2-256, hmac-sha2-512, hmac-sha1
2026-03-13 12:35:28,837 - paramiko.transport - DEBUG - client compress: none
2026-03-13 12:35:28,837 - paramiko.transport - DEBUG - server compress: none
2026-03-13 12:35:28,837 - paramiko.transport - DEBUG - client lang: <none>
2026-03-13 12:35:28,837 - paramiko.transport - DEBUG - server lang: <none>
2026-03-13 12:35:28,837 - paramiko.transport - DEBUG - kex follows: False
2026-03-13 12:35:28,837 - paramiko.transport - DEBUG - === Key exchange agreements ===
2026-03-13 12:35:28,837 - paramiko.transport - DEBUG - Kex: ecdh-sha2-nistp256
2026-03-13 12:35:28,837 - paramiko.transport - DEBUG - HostKey: rsa-sha2-512
2026-03-13 12:35:28,837 - paramiko.transport - DEBUG - Cipher: aes128-ctr
2026-03-13 12:35:28,837 - paramiko.transport - DEBUG - MAC: hmac-sha2-256-etm@openssh.com
2026-03-13 12:35:28,837 - paramiko.transport - DEBUG - Compression: none
2026-03-13 12:35:28,837 - paramiko.transport - DEBUG - === End of kex handshake ===
2026-03-13 12:35:28,894 - paramiko.transport - DEBUG - kex engine KexNistp256 specified hash_algo <built-in function openssl_sha256>
2026-03-13 12:35:28,949 - paramiko.transport - DEBUG - Switch to new keys ...
2026-03-13 12:35:29,117 - paramiko.transport - DEBUG - Auth request (type=none) service=ssh-connection, username=davide
2026-03-13 12:35:29,117 - paramiko.transport - INFO - Auth rejected (none).
2026-03-13 12:35:29,189 - paramiko.transport - DEBUG - Auth request (type=keyboard-interactive) service=ssh-connection, username=davide
2026-03-13 12:35:29,189 - paramiko.transport - INFO - Auth rejected (keyboard-interactive).
2026-03-13 12:35:29,249 - paramiko.transport - DEBUG - Auth request (type=password) service=ssh-connection, username=davide
2026-03-13 12:35:29,621 - paramiko.transport - INFO - Auth granted (password).
2026-03-13 12:35:29,717 - paramiko.transport - INFO - DEBUG: check_channel_request kind=session chanid=0
2026-03-13 12:35:29,718 - paramiko.transport - DEBUG - [chan 0] Max packet in: 32768 bytes
2026-03-13 12:35:29,718 - paramiko.transport - DEBUG - [chan 0] Max packet out: 16384 bytes
2026-03-13 12:35:29,718 - paramiko.transport - DEBUG - Secsh channel 0 (session) opened.
2026-03-13 12:35:29,876 - paramiko.transport - INFO - DEBUG: check_channel_request kind=session chanid=1
2026-03-13 12:35:29,877 - paramiko.transport - DEBUG - [chan 1] Max packet in: 32768 bytes
2026-03-13 12:35:29,877 - paramiko.transport - DEBUG - [chan 1] Max packet out: 32768 bytes
2026-03-13 12:35:29,877 - paramiko.transport - DEBUG - Secsh channel 1 (session) opened.
2026-03-13 12:35:29,957 - paramiko.transport - DEBUG - [chan 0] EOF sent (0)
2026-03-13 12:35:29,962 - paramiko.transport - DEBUG - Starting handler for subsystem sftp
2026-03-13 12:35:29,962 - paramiko.transport.sftp - DEBUG - [chan 1] Started sftp server on channel <paramiko.Channel 1 (open) window=2097152 -> <paramiko.Transport at 0x39c23ad0 (cipher aes128-ctr, 128 bits) (active; 1 open channel(s))>>
2026-03-13 12:35:30,209 - paramiko.transport.sftp - DEBUG - [chan 1] Request: realpath
2026-03-13 12:35:30,270 - paramiko.transport.sftp - DEBUG - [chan 1] Request: stat
2026-03-13 12:35:30,349 - paramiko.transport.sftp - DEBUG - [chan 1] Request: stat
2026-03-13 12:35:30,409 - paramiko.transport.sftp - DEBUG - [chan 1] Request: stat
2026-03-13 12:35:30,469 - paramiko.transport.sftp - DEBUG - [chan 1] Request: opendir
2026-03-13 12:35:30,549 - paramiko.transport.sftp - DEBUG - [chan 1] Request: readdir
2026-03-13 12:35:30,609 - paramiko.transport.sftp - DEBUG - [chan 1] Request: readdir
2026-03-13 12:35:30,669 - paramiko.transport.sftp - DEBUG - [chan 1] Request: close
2026-03-13 12:35:34,717 - paramiko.transport.sftp - DEBUG - [chan 1] Request: stat
2026-03-13 12:35:34,789 - paramiko.transport.sftp - DEBUG - [chan 1] Request: stat
2026-03-13 12:35:34,850 - paramiko.transport.sftp - DEBUG - [chan 1] Request: stat
2026-03-13 12:35:34,910 - paramiko.transport.sftp - DEBUG - [chan 1] Request: opendir
2026-03-13 12:35:35,037 - paramiko.transport.sftp - DEBUG - [chan 1] Request: readdir
2026-03-13 12:35:35,089 - paramiko.transport.sftp - DEBUG - [chan 1] Request: readdir
2026-03-13 12:35:35,149 - paramiko.transport.sftp - DEBUG - [chan 1] Request: close
2026-03-13 12:35:36,390 - paramiko.transport.sftp - DEBUG - [chan 1] Request: stat
2026-03-13 12:35:36,504 - paramiko.transport.sftp - DEBUG - [chan 1] Request: stat
2026-03-13 12:35:36,556 - paramiko.transport.sftp - DEBUG - [chan 1] Request: stat
2026-03-13 12:35:36,636 - paramiko.transport.sftp - DEBUG - [chan 1] Request: opendir
2026-03-13 12:35:37,470 - paramiko.transport.sftp - DEBUG - [chan 1] Request: readdir
2026-03-13 12:35:37,556 - paramiko.transport.sftp - DEBUG - [chan 1] Request: readdir
2026-03-13 12:35:37,636 - paramiko.transport.sftp - DEBUG - [chan 1] Request: readdir
2026-03-13 12:35:37,716 - paramiko.transport.sftp - DEBUG - [chan 1] Request: readdir
2026-03-13 12:35:37,796 - paramiko.transport.sftp - DEBUG - [chan 1] Request: readdir
2026-03-13 12:35:37,877 - paramiko.transport.sftp - DEBUG - [chan 1] Request: readdir
2026-03-13 12:35:37,957 - paramiko.transport.sftp - DEBUG - [chan 1] Request: readdir
2026-03-13 12:35:38,036 - paramiko.transport.sftp - DEBUG - [chan 1] Request: readdir
2026-03-13 12:35:38,236 - paramiko.transport.sftp - DEBUG - [chan 1] Request: readdir
2026-03-13 12:35:38,304 - paramiko.transport.sftp - DEBUG - [chan 1] Request: readdir
2026-03-13 12:35:38,609 - paramiko.transport - DEBUG - Received global request "keepalive@jcraft.com"
2026-03-13 12:35:38,676 - paramiko.transport.sftp - DEBUG - [chan 1] Request: readdir
2026-03-13 12:35:38,756 - paramiko.transport.sftp - DEBUG - [chan 1] Request: readdir
2026-03-13 12:35:38,845 - paramiko.transport.sftp - DEBUG - [chan 1] Request: readdir
2026-03-13 12:35:38,916 - paramiko.transport.sftp - DEBUG - [chan 1] Request: readdir
2026-03-13 12:35:38,996 - paramiko.transport.sftp - DEBUG - [chan 1] Request: readdir
2026-03-13 12:35:39,077 - paramiko.transport.sftp - DEBUG - [chan 1] Request: readdir
2026-03-13 12:35:39,156 - paramiko.transport.sftp - DEBUG - [chan 1] Request: readdir
2026-03-13 12:35:39,356 - paramiko.transport.sftp - DEBUG - [chan 1] Request: readdir
2026-03-13 12:35:39,416 - paramiko.transport.sftp - DEBUG - [chan 1] Request: readdir
2026-03-13 12:35:39,496 - paramiko.transport.sftp - DEBUG - [chan 1] Request: readdir
2026-03-13 12:35:39,576 - paramiko.transport.sftp - DEBUG - [chan 1] Request: readdir
2026-03-13 12:35:39,636 - paramiko.transport.sftp - DEBUG - [chan 1] Request: readdir
2026-03-13 12:35:39,696 - paramiko.transport.sftp - DEBUG - [chan 1] Request: readdir
2026-03-13 12:35:39,756 - paramiko.transport.sftp - DEBUG - [chan 1] Request: readdir
2026-03-13 12:35:39,817 - paramiko.transport.sftp - DEBUG - [chan 1] Request: readdir
2026-03-13 12:35:39,876 - paramiko.transport.sftp - DEBUG - [chan 1] Request: readdir
2026-03-13 12:35:39,968 - paramiko.transport.sftp - DEBUG - [chan 1] Request: readdir
2026-03-13 12:35:40,036 - paramiko.transport.sftp - DEBUG - [chan 1] Request: readdir
2026-03-13 12:35:40,116 - paramiko.transport.sftp - DEBUG - [chan 1] Request: readdir
2026-03-13 12:35:40,196 - paramiko.transport.sftp - DEBUG - [chan 1] Request: readdir
2026-03-13 12:35:40,276 - paramiko.transport.sftp - DEBUG - [chan 1] Request: readdir
2026-03-13 12:35:40,336 - paramiko.transport.sftp - DEBUG - [chan 1] Request: readdir
2026-03-13 12:35:40,396 - paramiko.transport.sftp - DEBUG - [chan 1] Request: readdir
2026-03-13 12:35:40,476 - paramiko.transport.sftp - DEBUG - [chan 1] Request: readdir
2026-03-13 12:35:40,536 - paramiko.transport.sftp - DEBUG - [chan 1] Request: readdir
2026-03-13 12:35:40,596 - paramiko.transport.sftp - DEBUG - [chan 1] Request: readdir
2026-03-13 12:35:40,656 - paramiko.transport.sftp - DEBUG - [chan 1] Request: readdir
2026-03-13 12:35:40,716 - paramiko.transport.sftp - DEBUG - [chan 1] Request: readdir
2026-03-13 12:35:41,245 - paramiko.transport.sftp - DEBUG - [chan 1] Request: readdir
2026-03-13 12:35:41,317 - paramiko.transport.sftp - DEBUG - [chan 1] Request: readdir
2026-03-13 12:35:41,396 - paramiko.transport.sftp - DEBUG - [chan 1] Request: readdir
2026-03-13 12:35:41,469 - paramiko.transport.sftp - DEBUG - [chan 1] Request: readdir
2026-03-13 12:35:41,556 - paramiko.transport.sftp - DEBUG - [chan 1] Request: readdir
2026-03-13 12:35:41,629 - paramiko.transport.sftp - DEBUG - [chan 1] Request: readdir
2026-03-13 12:35:41,724 - paramiko.transport.sftp - DEBUG - [chan 1] Request: readdir
2026-03-13 12:35:41,797 - paramiko.transport.sftp - DEBUG - [chan 1] Request: readdir
2026-03-13 12:35:41,916 - paramiko.transport.sftp - DEBUG - [chan 1] Request: readdir
2026-03-13 12:35:41,985 - paramiko.transport.sftp - DEBUG - [chan 1] Request: readdir
2026-03-13 12:35:42,058 - paramiko.transport.sftp - DEBUG - [chan 1] Request: readdir
2026-03-13 12:35:42,124 - paramiko.transport.sftp - DEBUG - [chan 1] Request: readdir
2026-03-13 12:35:42,196 - paramiko.transport.sftp - DEBUG - [chan 1] Request: readdir
2026-03-13 12:35:42,264 - paramiko.transport.sftp - DEBUG - [chan 1] Request: readdir
2026-03-13 12:35:42,337 - paramiko.transport.sftp - DEBUG - [chan 1] Request: readdir
2026-03-13 12:35:42,396 - paramiko.transport.sftp - DEBUG - [chan 1] Request: readdir
2026-03-13 12:35:42,465 - paramiko.transport.sftp - DEBUG - [chan 1] Request: readdir
2026-03-13 12:35:42,536 - paramiko.transport.sftp - DEBUG - [chan 1] Request: readdir
2026-03-13 12:35:42,617 - paramiko.transport.sftp - DEBUG - [chan 1] Request: readdir
2026-03-13 12:35:42,693 - paramiko.transport.sftp - DEBUG - [chan 1] Request: readdir
2026-03-13 12:35:42,757 - paramiko.transport.sftp - DEBUG - [chan 1] Request: readdir
2026-03-13 12:35:42,838 - paramiko.transport.sftp - DEBUG - [chan 1] Request: readdir
2026-03-13 12:35:42,897 - paramiko.transport.sftp - DEBUG - [chan 1] Request: readdir
2026-03-13 12:35:42,956 - paramiko.transport.sftp - DEBUG - [chan 1] Request: readdir
2026-03-13 12:35:43,017 - paramiko.transport.sftp - DEBUG - [chan 1] Request: readdir
2026-03-13 12:35:43,076 - paramiko.transport.sftp - DEBUG - [chan 1] Request: readdir
2026-03-13 12:35:43,158 - paramiko.transport.sftp - DEBUG - [chan 1] Request: readdir
2026-03-13 12:35:43,217 - paramiko.transport.sftp - DEBUG - [chan 1] Request: readdir
2026-03-13 12:35:43,297 - paramiko.transport.sftp - DEBUG - [chan 1] Request: readdir
2026-03-13 12:35:43,356 - paramiko.transport.sftp - DEBUG - [chan 1] Request: readdir
2026-03-13 12:35:43,417 - paramiko.transport.sftp - DEBUG - [chan 1] Request: readdir
2026-03-13 12:35:43,477 - paramiko.transport.sftp - DEBUG - [chan 1] Request: readdir
2026-03-13 12:35:43,596 - paramiko.transport.sftp - DEBUG - [chan 1] Request: readdir
2026-03-13 12:35:43,656 - paramiko.transport.sftp - DEBUG - [chan 1] Request: readdir
2026-03-13 12:35:44,117 - paramiko.transport.sftp - DEBUG - [chan 1] Request: readdir
2026-03-13 12:35:44,196 - paramiko.transport.sftp - DEBUG - [chan 1] Request: readdir
2026-03-13 12:35:44,276 - paramiko.transport.sftp - DEBUG - [chan 1] Request: readdir
2026-03-13 12:35:44,336 - paramiko.transport.sftp - DEBUG - [chan 1] Request: readdir
2026-03-13 12:35:44,396 - paramiko.transport.sftp - DEBUG - [chan 1] Request: readdir
2026-03-13 12:35:44,476 - paramiko.transport.sftp - DEBUG - [chan 1] Request: readdir
2026-03-13 12:35:44,556 - paramiko.transport.sftp - DEBUG - [chan 1] Request: readdir
2026-03-13 12:35:44,636 - paramiko.transport.sftp - DEBUG - [chan 1] Request: readdir
2026-03-13 12:35:44,798 - paramiko.transport.sftp - DEBUG - [chan 1] Request: readdir
2026-03-13 12:35:44,865 - paramiko.transport.sftp - DEBUG - [chan 1] Request: readdir
2026-03-13 12:35:44,916 - paramiko.transport.sftp - DEBUG - [chan 1] Request: readdir
2026-03-13 12:35:44,976 - paramiko.transport.sftp - DEBUG - [chan 1] Request: readdir
2026-03-13 12:35:45,037 - paramiko.transport.sftp - DEBUG - [chan 1] Request: readdir
2026-03-13 12:35:45,096 - paramiko.transport.sftp - DEBUG - [chan 1] Request: readdir
2026-03-13 12:35:45,156 - paramiko.transport.sftp - DEBUG - [chan 1] Request: readdir
2026-03-13 12:35:45,217 - paramiko.transport.sftp - DEBUG - [chan 1] Request: readdir
2026-03-13 12:35:45,296 - paramiko.transport.sftp - DEBUG - [chan 1] Request: readdir
2026-03-13 12:35:45,357 - paramiko.transport.sftp - DEBUG - [chan 1] Request: readdir
2026-03-13 12:35:45,417 - paramiko.transport.sftp - DEBUG - [chan 1] Request: readdir
2026-03-13 12:35:45,496 - paramiko.transport.sftp - DEBUG - [chan 1] Request: readdir
2026-03-13 12:35:45,556 - paramiko.transport.sftp - DEBUG - [chan 1] Request: readdir
2026-03-13 12:35:45,616 - paramiko.transport.sftp - DEBUG - [chan 1] Request: readdir
2026-03-13 12:35:45,728 - paramiko.transport.sftp - DEBUG - [chan 1] Request: readdir
2026-03-13 12:35:45,796 - paramiko.transport.sftp - DEBUG - [chan 1] Request: readdir
2026-03-13 12:35:45,876 - paramiko.transport.sftp - DEBUG - [chan 1] Request: readdir
2026-03-13 12:35:45,936 - paramiko.transport.sftp - DEBUG - [chan 1] Request: readdir
2026-03-13 12:35:45,996 - paramiko.transport.sftp - DEBUG - [chan 1] Request: readdir
2026-03-13 12:35:46,057 - paramiko.transport.sftp - DEBUG - [chan 1] Request: readdir
2026-03-13 12:35:46,125 - paramiko.transport.sftp - DEBUG - [chan 1] Request: readdir
2026-03-13 12:35:46,196 - paramiko.transport.sftp - DEBUG - [chan 1] Request: readdir
2026-03-13 12:35:46,256 - paramiko.transport.sftp - DEBUG - [chan 1] Request: readdir
2026-03-13 12:35:46,325 - paramiko.transport.sftp - DEBUG - [chan 1] Request: readdir
2026-03-13 12:35:46,397 - paramiko.transport.sftp - DEBUG - [chan 1] Request: readdir
2026-03-13 12:35:46,465 - paramiko.transport.sftp - DEBUG - [chan 1] Request: readdir
2026-03-13 12:35:46,996 - paramiko.transport.sftp - DEBUG - [chan 1] Request: readdir
2026-03-13 12:35:47,076 - paramiko.transport.sftp - DEBUG - [chan 1] Request: readdir
2026-03-13 12:35:47,157 - paramiko.transport.sftp - DEBUG - [chan 1] Request: readdir
2026-03-13 12:35:47,236 - paramiko.transport.sftp - DEBUG - [chan 1] Request: readdir
2026-03-13 12:35:47,317 - paramiko.transport.sftp - DEBUG - [chan 1] Request: readdir
2026-03-13 12:35:47,845 - paramiko.transport.sftp - DEBUG - [chan 1] Request: readdir
2026-03-13 12:35:47,905 - paramiko.transport.sftp - DEBUG - [chan 1] Request: readdir
2026-03-13 12:35:47,996 - paramiko.transport.sftp - DEBUG - [chan 1] Request: readdir
2026-03-13 12:35:48,056 - paramiko.transport.sftp - DEBUG - [chan 1] Request: readdir
2026-03-13 12:35:48,144 - paramiko.transport.sftp - DEBUG - [chan 1] Request: readdir
2026-03-13 12:35:48,217 - paramiko.transport.sftp - DEBUG - [chan 1] Request: readdir
2026-03-13 12:35:48,276 - paramiko.transport.sftp - DEBUG - [chan 1] Request: readdir
2026-03-13 12:35:48,336 - paramiko.transport.sftp - DEBUG - [chan 1] Request: readdir
2026-03-13 12:35:48,396 - paramiko.transport.sftp - DEBUG - [chan 1] Request: readdir
2026-03-13 12:35:48,456 - paramiko.transport.sftp - DEBUG - [chan 1] Request: readdir
2026-03-13 12:35:48,516 - paramiko.transport.sftp - DEBUG - [chan 1] Request: readdir
2026-03-13 12:35:48,596 - paramiko.transport.sftp - DEBUG - [chan 1] Request: readdir
2026-03-13 12:35:48,656 - paramiko.transport.sftp - DEBUG - [chan 1] Request: readdir
2026-03-13 12:35:48,669 - paramiko.transport - DEBUG - Received global request "keepalive@jcraft.com"
2026-03-13 12:35:48,796 - paramiko.transport.sftp - DEBUG - [chan 1] Request: readdir
2026-03-13 12:35:48,856 - paramiko.transport.sftp - DEBUG - [chan 1] Request: readdir
2026-03-13 12:35:48,924 - paramiko.transport.sftp - DEBUG - [chan 1] Request: readdir
2026-03-13 12:35:48,996 - paramiko.transport.sftp - DEBUG - [chan 1] Request: readdir
2026-03-13 12:35:49,057 - paramiko.transport.sftp - DEBUG - [chan 1] Request: readdir
2026-03-13 12:35:49,116 - paramiko.transport.sftp - DEBUG - [chan 1] Request: readdir
2026-03-13 12:35:49,176 - paramiko.transport.sftp - DEBUG - [chan 1] Request: readdir
2026-03-13 12:35:49,256 - paramiko.transport.sftp - DEBUG - [chan 1] Request: readdir
2026-03-13 12:35:49,317 - paramiko.transport.sftp - DEBUG - [chan 1] Request: readdir
2026-03-13 12:35:49,377 - paramiko.transport.sftp - DEBUG - [chan 1] Request: readdir
2026-03-13 12:35:49,456 - paramiko.transport.sftp - DEBUG - [chan 1] Request: readdir
2026-03-13 12:35:49,956 - paramiko.transport.sftp - DEBUG - [chan 1] Request: readdir
2026-03-13 12:35:50,036 - paramiko.transport.sftp - DEBUG - [chan 1] Request: readdir
2026-03-13 12:35:50,686 - paramiko.transport.sftp - DEBUG - [chan 1] Request: readdir
2026-03-13 12:35:50,757 - paramiko.transport.sftp - DEBUG - [chan 1] Request: readdir
2026-03-13 12:35:50,917 - paramiko.transport.sftp - DEBUG - [chan 1] Request: readdir
2026-03-13 12:35:50,996 - paramiko.transport.sftp - DEBUG - [chan 1] Request: readdir
2026-03-13 12:35:51,085 - paramiko.transport.sftp - DEBUG - [chan 1] Request: readdir
2026-03-13 12:35:51,805 - paramiko.transport.sftp - DEBUG - [chan 1] Request: readdir
2026-03-13 12:35:51,876 - paramiko.transport.sftp - DEBUG - [chan 1] Request: readdir
2026-03-13 12:35:51,956 - paramiko.transport.sftp - DEBUG - [chan 1] Request: readdir
2026-03-13 12:35:52,037 - paramiko.transport.sftp - DEBUG - [chan 1] Request: readdir
2026-03-13 12:35:52,116 - paramiko.transport.sftp - DEBUG - [chan 1] Request: readdir
2026-03-13 12:35:52,197 - paramiko.transport.sftp - DEBUG - [chan 1] Request: readdir
2026-03-13 12:35:52,276 - paramiko.transport.sftp - DEBUG - [chan 1] Request: readdir
2026-03-13 12:35:52,356 - paramiko.transport.sftp - DEBUG - [chan 1] Request: readdir
2026-03-13 12:35:52,516 - paramiko.transport.sftp - DEBUG - [chan 1] Request: readdir
2026-03-13 12:35:52,636 - paramiko.transport.sftp - DEBUG - [chan 1] Request: readdir
2026-03-13 12:35:52,716 - paramiko.transport.sftp - DEBUG - [chan 1] Request: readdir
2026-03-13 12:35:52,816 - paramiko.transport.sftp - DEBUG - [chan 1] Request: readdir
2026-03-13 12:35:52,896 - paramiko.transport.sftp - DEBUG - [chan 1] Request: readdir
2026-03-13 12:35:52,977 - paramiko.transport.sftp - DEBUG - [chan 1] Request: readdir
2026-03-13 12:35:53,058 - paramiko.transport.sftp - DEBUG - [chan 1] Request: readdir
2026-03-13 12:35:53,144 - paramiko.transport.sftp - DEBUG - [chan 1] Request: readdir
2026-03-13 12:35:53,216 - paramiko.transport.sftp - DEBUG - [chan 1] Request: readdir
2026-03-13 12:35:53,325 - paramiko.transport.sftp - DEBUG - [chan 1] Request: readdir
2026-03-13 12:35:53,404 - paramiko.transport.sftp - DEBUG - [chan 1] Request: readdir
2026-03-13 12:35:53,484 - paramiko.transport.sftp - DEBUG - [chan 1] Request: readdir
2026-03-13 12:35:53,556 - paramiko.transport.sftp - DEBUG - [chan 1] Request: readdir
2026-03-13 12:35:53,616 - paramiko.transport.sftp - DEBUG - [chan 1] Request: readdir
2026-03-13 12:35:53,757 - paramiko.transport.sftp - DEBUG - [chan 1] Request: readdir
2026-03-13 12:35:53,876 - paramiko.transport.sftp - DEBUG - [chan 1] Request: readdir
2026-03-13 12:35:53,957 - paramiko.transport.sftp - DEBUG - [chan 1] Request: readdir
2026-03-13 12:35:54,036 - paramiko.transport.sftp - DEBUG - [chan 1] Request: readdir
2026-03-13 12:35:54,118 - paramiko.transport.sftp - DEBUG - [chan 1] Request: readdir
2026-03-13 12:35:54,193 - paramiko.transport.sftp - DEBUG - [chan 1] Request: readdir
2026-03-13 12:35:54,277 - paramiko.transport.sftp - DEBUG - [chan 1] Request: readdir
2026-03-13 12:35:54,357 - paramiko.transport.sftp - DEBUG - [chan 1] Request: readdir
2026-03-13 12:35:54,577 - paramiko.transport.sftp - DEBUG - [chan 1] Request: readdir
2026-03-13 12:35:54,656 - paramiko.transport.sftp - DEBUG - [chan 1] Request: readdir
2026-03-13 12:35:54,757 - paramiko.transport.sftp - DEBUG - [chan 1] Request: readdir
2026-03-13 12:35:54,816 - paramiko.transport.sftp - DEBUG - [chan 1] Request: readdir
2026-03-13 12:35:54,871 - paramiko.transport.sftp - DEBUG - [chan 1] Request: readdir
2026-03-13 12:35:54,936 - paramiko.transport.sftp - DEBUG - [chan 1] Request: readdir
2026-03-13 12:35:55,037 - paramiko.transport.sftp - DEBUG - [chan 1] Request: readdir
2026-03-13 12:35:55,137 - paramiko.transport.sftp - DEBUG - [chan 1] Request: readdir
2026-03-13 12:35:55,196 - paramiko.transport.sftp - DEBUG - [chan 1] Request: readdir
2026-03-13 12:35:55,296 - paramiko.transport.sftp - DEBUG - [chan 1] Request: readdir
2026-03-13 12:35:55,396 - paramiko.transport.sftp - DEBUG - [chan 1] Request: readdir
2026-03-13 12:35:55,517 - paramiko.transport.sftp - DEBUG - [chan 1] Request: readdir
2026-03-13 12:35:55,597 - paramiko.transport.sftp - DEBUG - [chan 1] Request: readdir
2026-03-13 12:35:55,676 - paramiko.transport.sftp - DEBUG - [chan 1] Request: readdir
2026-03-13 12:35:55,757 - paramiko.transport.sftp - DEBUG - [chan 1] Request: readdir
2026-03-13 12:35:55,916 - paramiko.transport.sftp - DEBUG - [chan 1] Request: readdir
2026-03-13 12:35:56,046 - paramiko.transport.sftp - DEBUG - [chan 1] Request: readdir
2026-03-13 12:35:56,116 - paramiko.transport.sftp - DEBUG - [chan 1] Request: readdir
2026-03-13 12:35:56,196 - paramiko.transport.sftp - DEBUG - [chan 1] Request: readdir
2026-03-13 12:35:56,296 - paramiko.transport.sftp - DEBUG - [chan 1] Request: readdir
2026-03-13 12:35:56,396 - paramiko.transport.sftp - DEBUG - [chan 1] Request: readdir
2026-03-13 12:35:56,577 - paramiko.transport.sftp - DEBUG - [chan 1] Request: readdir
2026-03-13 12:35:56,736 - paramiko.transport.sftp - DEBUG - [chan 1] Request: readdir
2026-03-13 12:35:56,926 - paramiko.transport.sftp - DEBUG - [chan 1] Request: readdir
2026-03-13 12:35:57,037 - paramiko.transport.sftp - DEBUG - [chan 1] Request: readdir
2026-03-13 12:35:57,216 - paramiko.transport.sftp - DEBUG - [chan 1] Request: readdir
2026-03-13 12:35:57,457 - paramiko.transport.sftp - DEBUG - [chan 1] Request: readdir
2026-03-13 12:35:57,536 - paramiko.transport.sftp - DEBUG - [chan 1] Request: readdir
2026-03-13 12:35:57,616 - paramiko.transport.sftp - DEBUG - [chan 1] Request: readdir
2026-03-13 12:35:58,517 - paramiko.transport.sftp - DEBUG - [chan 1] Request: readdir
2026-03-13 12:35:58,816 - paramiko.transport - DEBUG - Received global request "keepalive@jcraft.com"
2026-03-13 12:35:58,997 - paramiko.transport.sftp - DEBUG - [chan 1] Request: readdir
2026-03-13 12:35:59,056 - paramiko.transport.sftp - DEBUG - [chan 1] Request: readdir
2026-03-13 12:35:59,156 - paramiko.transport.sftp - DEBUG - [chan 1] Request: readdir
2026-03-13 12:35:59,226 - paramiko.transport.sftp - DEBUG - [chan 1] Request: readdir
2026-03-13 12:35:59,305 - paramiko.transport.sftp - DEBUG - [chan 1] Request: readdir
2026-03-13 12:35:59,377 - paramiko.transport.sftp - DEBUG - [chan 1] Request: readdir
2026-03-13 12:35:59,477 - paramiko.transport.sftp - DEBUG - [chan 1] Request: readdir
2026-03-13 12:35:59,556 - paramiko.transport.sftp - DEBUG - [chan 1] Request: readdir
2026-03-13 12:35:59,925 - paramiko.transport.sftp - DEBUG - [chan 1] Request: readdir
2026-03-13 12:35:59,996 - paramiko.transport.sftp - DEBUG - [chan 1] Request: readdir
2026-03-13 12:36:00,064 - paramiko.transport.sftp - DEBUG - [chan 1] Request: readdir
2026-03-13 12:36:00,137 - paramiko.transport.sftp - DEBUG - [chan 1] Request: readdir
2026-03-13 12:36:00,196 - paramiko.transport.sftp - DEBUG - [chan 1] Request: readdir
2026-03-13 12:36:00,256 - paramiko.transport.sftp - DEBUG - [chan 1] Request: readdir
2026-03-13 12:36:00,317 - paramiko.transport.sftp - DEBUG - [chan 1] Request: readdir
2026-03-13 12:36:00,376 - paramiko.transport.sftp - DEBUG - [chan 1] Request: readdir
2026-03-13 12:36:00,476 - paramiko.transport.sftp - DEBUG - [chan 1] Request: readdir
2026-03-13 12:36:00,556 - paramiko.transport.sftp - DEBUG - [chan 1] Request: readdir
2026-03-13 12:36:00,636 - paramiko.transport.sftp - DEBUG - [chan 1] Request: readdir
2026-03-13 12:36:00,716 - paramiko.transport.sftp - DEBUG - [chan 1] Request: readdir
2026-03-13 12:36:00,796 - paramiko.transport.sftp - DEBUG - [chan 1] Request: readdir
2026-03-13 12:36:00,877 - paramiko.transport.sftp - DEBUG - [chan 1] Request: readdir
2026-03-13 12:36:00,956 - paramiko.transport.sftp - DEBUG - [chan 1] Request: readdir
2026-03-13 12:36:01,097 - paramiko.transport.sftp - DEBUG - [chan 1] Request: readdir
2026-03-13 12:36:01,156 - paramiko.transport.sftp - DEBUG - [chan 1] Request: readdir
2026-03-13 12:36:01,385 - paramiko.transport.sftp - DEBUG - [chan 1] Request: readdir
2026-03-13 12:36:01,465 - paramiko.transport.sftp - DEBUG - [chan 1] Request: readdir
2026-03-13 12:36:01,604 - paramiko.transport.sftp - DEBUG - [chan 1] Request: readdir
2026-03-13 12:36:01,836 - paramiko.transport.sftp - DEBUG - [chan 1] Request: readdir
2026-03-13 12:36:01,914 - paramiko.transport.sftp - DEBUG - [chan 1] Request: readdir
2026-03-13 12:36:01,976 - paramiko.transport.sftp - DEBUG - [chan 1] Request: readdir
2026-03-13 12:36:02,156 - paramiko.transport.sftp - DEBUG - [chan 1] Request: readdir
2026-03-13 12:36:02,376 - paramiko.transport.sftp - DEBUG - [chan 1] Request: readdir
2026-03-13 12:36:02,596 - paramiko.transport.sftp - DEBUG - [chan 1] Request: readdir
2026-03-13 12:36:02,696 - paramiko.transport.sftp - DEBUG - [chan 1] Request: readdir
2026-03-13 12:36:02,877 - paramiko.transport.sftp - DEBUG - [chan 1] Request: readdir
2026-03-13 12:36:03,076 - paramiko.transport.sftp - DEBUG - [chan 1] Request: readdir
2026-03-13 12:36:03,196 - paramiko.transport.sftp - DEBUG - [chan 1] Request: readdir
2026-03-13 12:36:03,397 - paramiko.transport.sftp - DEBUG - [chan 1] Request: readdir
2026-03-13 12:36:03,576 - paramiko.transport.sftp - DEBUG - [chan 1] Request: readdir
2026-03-13 12:36:03,937 - paramiko.transport.sftp - DEBUG - [chan 1] Request: readdir
2026-03-13 12:36:04,016 - paramiko.transport.sftp - DEBUG - [chan 1] Request: readdir
2026-03-13 12:36:04,076 - paramiko.transport.sftp - DEBUG - [chan 1] Request: readdir
2026-03-13 12:36:04,136 - paramiko.transport.sftp - DEBUG - [chan 1] Request: readdir
2026-03-13 12:36:04,216 - paramiko.transport.sftp - DEBUG - [chan 1] Request: readdir
2026-03-13 12:36:04,296 - paramiko.transport.sftp - DEBUG - [chan 1] Request: readdir
2026-03-13 12:36:04,376 - paramiko.transport.sftp - DEBUG - [chan 1] Request: readdir
2026-03-13 12:36:04,436 - paramiko.transport.sftp - DEBUG - [chan 1] Request: readdir
2026-03-13 12:36:04,498 - paramiko.transport.sftp - DEBUG - [chan 1] Request: readdir
2026-03-13 12:36:04,576 - paramiko.transport.sftp - DEBUG - [chan 1] Request: readdir
2026-03-13 12:36:04,676 - paramiko.transport.sftp - DEBUG - [chan 1] Request: readdir
2026-03-13 12:36:04,907 - paramiko.transport.sftp - DEBUG - [chan 1] Request: readdir
2026-03-13 12:36:05,617 - paramiko.transport.sftp - DEBUG - [chan 1] Request: readdir
2026-03-13 12:36:05,836 - paramiko.transport.sftp - DEBUG - [chan 1] Request: readdir
2026-03-13 12:36:05,924 - paramiko.transport.sftp - DEBUG - [chan 1] Request: readdir
2026-03-13 12:36:05,996 - paramiko.transport.sftp - DEBUG - [chan 1] Request: readdir
2026-03-13 12:36:06,686 - paramiko.transport.sftp - DEBUG - [chan 1] Request: readdir
2026-03-13 12:36:06,756 - paramiko.transport.sftp - DEBUG - [chan 1] Request: readdir
2026-03-13 12:36:06,837 - paramiko.transport.sftp - DEBUG - [chan 1] Request: readdir
2026-03-13 12:36:06,916 - paramiko.transport.sftp - DEBUG - [chan 1] Request: readdir
2026-03-13 12:36:06,997 - paramiko.transport.sftp - DEBUG - [chan 1] Request: readdir
2026-03-13 12:36:07,076 - paramiko.transport.sftp - DEBUG - [chan 1] Request: readdir
2026-03-13 12:36:07,136 - paramiko.transport.sftp - DEBUG - [chan 1] Request: readdir
2026-03-13 12:36:07,196 - paramiko.transport.sftp - DEBUG - [chan 1] Request: readdir
2026-03-13 12:36:07,397 - paramiko.transport.sftp - DEBUG - [chan 1] Request: readdir
2026-03-13 12:36:07,616 - paramiko.transport.sftp - DEBUG - [chan 1] Request: readdir
2026-03-13 12:36:07,697 - paramiko.transport.sftp - DEBUG - [chan 1] Request: readdir
2026-03-13 12:36:07,776 - paramiko.transport.sftp - DEBUG - [chan 1] Request: readdir
2026-03-13 12:36:07,856 - paramiko.transport.sftp - DEBUG - [chan 1] Request: readdir
2026-03-13 12:36:07,936 - paramiko.transport.sftp - DEBUG - [chan 1] Request: readdir
2026-03-13 12:36:08,025 - paramiko.transport.sftp - DEBUG - [chan 1] Request: readdir
2026-03-13 12:36:08,096 - paramiko.transport.sftp - DEBUG - [chan 1] Request: readdir
2026-03-13 12:36:08,176 - paramiko.transport.sftp - DEBUG - [chan 1] Request: readdir
2026-03-13 12:36:08,256 - paramiko.transport.sftp - DEBUG - [chan 1] Request: readdir
2026-03-13 12:36:08,337 - paramiko.transport.sftp - DEBUG - [chan 1] Request: readdir
2026-03-13 12:36:08,917 - paramiko.transport.sftp - DEBUG - [chan 1] Request: readdir
2026-03-13 12:36:08,997 - paramiko.transport - DEBUG - Received global request "keepalive@jcraft.com"
2026-03-13 12:36:08,997 - paramiko.transport.sftp - DEBUG - [chan 1] Request: readdir
2026-03-13 12:36:09,084 - paramiko.transport.sftp - DEBUG - [chan 1] Request: readdir
2026-03-13 12:36:09,165 - paramiko.transport.sftp - DEBUG - [chan 1] Request: readdir
2026-03-13 12:36:09,237 - paramiko.transport.sftp - DEBUG - [chan 1] Request: readdir
2026-03-13 12:36:09,316 - paramiko.transport.sftp - DEBUG - [chan 1] Request: readdir
2026-03-13 12:36:09,564 - paramiko.transport.sftp - DEBUG - [chan 1] Request: readdir
2026-03-13 12:36:09,636 - paramiko.transport.sftp - DEBUG - [chan 1] Request: readdir
2026-03-13 12:36:09,756 - paramiko.transport.sftp - DEBUG - [chan 1] Request: readdir
2026-03-13 12:36:09,916 - paramiko.transport.sftp - DEBUG - [chan 1] Request: readdir
2026-03-13 12:36:09,996 - paramiko.transport.sftp - DEBUG - [chan 1] Request: readdir
2026-03-13 12:36:10,056 - paramiko.transport.sftp - DEBUG - [chan 1] Request: readdir
2026-03-13 12:36:10,136 - paramiko.transport.sftp - DEBUG - [chan 1] Request: readdir
2026-03-13 12:36:10,196 - paramiko.transport.sftp - DEBUG - [chan 1] Request: readdir
2026-03-13 12:36:10,377 - paramiko.transport.sftp - DEBUG - [chan 1] Request: readdir
2026-03-13 12:36:10,576 - paramiko.transport.sftp - DEBUG - [chan 1] Request: readdir
2026-03-13 12:36:10,716 - paramiko.transport.sftp - DEBUG - [chan 1] Request: readdir
2026-03-13 12:36:10,917 - paramiko.transport.sftp - DEBUG - [chan 1] Request: readdir
2026-03-13 12:36:10,996 - paramiko.transport.sftp - DEBUG - [chan 1] Request: readdir
2026-03-13 12:36:11,116 - paramiko.transport.sftp - DEBUG - [chan 1] Request: readdir
2026-03-13 12:36:11,324 - paramiko.transport.sftp - DEBUG - [chan 1] Request: readdir
2026-03-13 12:36:11,436 - paramiko.transport.sftp - DEBUG - [chan 1] Request: readdir
2026-03-13 12:36:11,517 - paramiko.transport.sftp - DEBUG - [chan 1] Request: readdir
2026-03-13 12:36:11,616 - paramiko.transport.sftp - DEBUG - [chan 1] Request: readdir
2026-03-13 12:36:11,697 - paramiko.transport.sftp - DEBUG - [chan 1] Request: readdir
2026-03-13 12:36:11,796 - paramiko.transport.sftp - DEBUG - [chan 1] Request: readdir
2026-03-13 12:36:11,876 - paramiko.transport.sftp - DEBUG - [chan 1] Request: readdir
2026-03-13 12:36:11,957 - paramiko.transport.sftp - DEBUG - [chan 1] Request: readdir
2026-03-13 12:36:12,036 - paramiko.transport.sftp - DEBUG - [chan 1] Request: readdir
2026-03-13 12:36:12,117 - paramiko.transport.sftp - DEBUG - [chan 1] Request: readdir
2026-03-13 12:36:12,204 - paramiko.transport.sftp - DEBUG - [chan 1] Request: readdir
2026-03-13 12:36:12,297 - paramiko.transport.sftp - DEBUG - [chan 1] Request: readdir
2026-03-13 12:36:12,405 - paramiko.transport.sftp - DEBUG - [chan 1] Request: readdir
2026-03-13 12:36:12,477 - paramiko.transport.sftp - DEBUG - [chan 1] Request: readdir
2026-03-13 12:36:12,536 - paramiko.transport.sftp - DEBUG - [chan 1] Request: readdir
2026-03-13 12:36:12,636 - paramiko.transport.sftp - DEBUG - [chan 1] Request: readdir
2026-03-13 12:36:12,697 - paramiko.transport.sftp - DEBUG - [chan 1] Request: readdir
2026-03-13 12:36:12,776 - paramiko.transport.sftp - DEBUG - [chan 1] Request: readdir
2026-03-13 12:36:12,876 - paramiko.transport.sftp - DEBUG - [chan 1] Request: readdir
2026-03-13 12:36:12,936 - paramiko.transport.sftp - DEBUG - [chan 1] Request: readdir
2026-03-13 12:36:13,052 - paramiko.transport.sftp - DEBUG - [chan 1] Request: readdir
2026-03-13 12:36:13,116 - paramiko.transport.sftp - DEBUG - [chan 1] Request: readdir
2026-03-13 12:36:13,197 - paramiko.transport.sftp - DEBUG - [chan 1] Request: readdir
2026-03-13 12:36:13,256 - paramiko.transport.sftp - DEBUG - [chan 1] Request: readdir
2026-03-13 12:36:13,356 - paramiko.transport.sftp - DEBUG - [chan 1] Request: readdir
2026-03-13 12:36:13,416 - paramiko.transport.sftp - DEBUG - [chan 1] Request: readdir
2026-03-13 12:36:13,496 - paramiko.transport.sftp - DEBUG - [chan 1] Request: readdir
2026-03-13 12:36:13,578 - paramiko.transport.sftp - DEBUG - [chan 1] Request: readdir
2026-03-13 12:36:13,677 - paramiko.transport.sftp - DEBUG - [chan 1] Request: readdir
2026-03-13 12:36:13,756 - paramiko.transport.sftp - DEBUG - [chan 1] Request: readdir
2026-03-13 12:36:13,844 - paramiko.transport.sftp - DEBUG - [chan 1] Request: readdir
2026-03-13 12:36:13,916 - paramiko.transport.sftp - DEBUG - [chan 1] Request: readdir
2026-03-13 12:36:13,996 - paramiko.transport.sftp - DEBUG - [chan 1] Request: readdir
2026-03-13 12:36:14,076 - paramiko.transport.sftp - DEBUG - [chan 1] Request: readdir
2026-03-13 12:36:14,164 - paramiko.transport.sftp - DEBUG - [chan 1] Request: readdir
2026-03-13 12:36:14,236 - paramiko.transport.sftp - DEBUG - [chan 1] Request: readdir
2026-03-13 12:36:14,757 - paramiko.transport.sftp - DEBUG - [chan 1] Request: readdir
2026-03-13 12:36:14,836 - paramiko.transport.sftp - DEBUG - [chan 1] Request: readdir
2026-03-13 12:36:14,916 - paramiko.transport.sftp - DEBUG - [chan 1] Request: readdir
2026-03-13 12:36:14,997 - paramiko.transport.sftp - DEBUG - [chan 1] Request: readdir
2026-03-13 12:36:15,076 - paramiko.transport.sftp - DEBUG - [chan 1] Request: readdir
2026-03-13 12:36:15,164 - paramiko.transport.sftp - DEBUG - [chan 1] Request: readdir
2026-03-13 12:36:15,236 - paramiko.transport.sftp - DEBUG - [chan 1] Request: readdir
2026-03-13 12:36:15,316 - paramiko.transport.sftp - DEBUG - [chan 1] Request: readdir
2026-03-13 12:36:15,516 - paramiko.transport.sftp - DEBUG - [chan 1] Request: readdir
2026-03-13 12:36:15,596 - paramiko.transport.sftp - DEBUG - [chan 1] Request: readdir
2026-03-13 12:36:15,705 - paramiko.transport.sftp - DEBUG - [chan 1] Request: readdir
2026-03-13 12:36:15,797 - paramiko.transport.sftp - DEBUG - [chan 1] Request: readdir
2026-03-13 12:36:15,884 - paramiko.transport.sftp - DEBUG - [chan 1] Request: readdir
2026-03-13 12:36:15,956 - paramiko.transport.sftp - DEBUG - [chan 1] Request: readdir
2026-03-13 12:36:16,016 - paramiko.transport.sftp - DEBUG - [chan 1] Request: readdir
2026-03-13 12:36:16,084 - paramiko.transport.sftp - DEBUG - [chan 1] Request: readdir
2026-03-13 12:36:16,156 - paramiko.transport.sftp - DEBUG - [chan 1] Request: readdir
2026-03-13 12:36:16,216 - paramiko.transport.sftp - DEBUG - [chan 1] Request: readdir
2026-03-13 12:36:16,316 - paramiko.transport.sftp - DEBUG - [chan 1] Request: readdir
2026-03-13 12:36:16,425 - paramiko.transport.sftp - DEBUG - [chan 1] Request: readdir
2026-03-13 12:36:16,516 - paramiko.transport.sftp - DEBUG - [chan 1] Request: readdir
2026-03-13 12:36:16,616 - paramiko.transport.sftp - DEBUG - [chan 1] Request: readdir
2026-03-13 12:36:16,724 - paramiko.transport.sftp - DEBUG - [chan 1] Request: readdir
2026-03-13 12:36:17,237 - paramiko.transport.sftp - DEBUG - [chan 1] Request: readdir
2026-03-13 12:36:17,316 - paramiko.transport.sftp - DEBUG - [chan 1] Request: readdir
2026-03-13 12:36:17,396 - paramiko.transport.sftp - DEBUG - [chan 1] Request: readdir
2026-03-13 12:36:17,485 - paramiko.transport.sftp - DEBUG - [chan 1] Request: readdir
2026-03-13 12:36:17,556 - paramiko.transport.sftp - DEBUG - [chan 1] Request: readdir
2026-03-13 12:36:17,636 - paramiko.transport.sftp - DEBUG - [chan 1] Request: readdir
2026-03-13 12:36:17,716 - paramiko.transport.sftp - DEBUG - [chan 1] Request: readdir
2026-03-13 12:36:17,925 - paramiko.transport.sftp - DEBUG - [chan 1] Request: readdir
2026-03-13 12:36:18,517 - paramiko.transport.sftp - DEBUG - [chan 1] Request: readdir
2026-03-13 12:36:18,597 - paramiko.transport.sftp - DEBUG - [chan 1] Request: readdir
2026-03-13 12:36:18,685 - paramiko.transport.sftp - DEBUG - [chan 1] Request: readdir
2026-03-13 12:36:18,756 - paramiko.transport.sftp - DEBUG - [chan 1] Request: readdir
2026-03-13 12:36:18,864 - paramiko.transport.sftp - DEBUG - [chan 1] Request: readdir
2026-03-13 12:36:18,917 - paramiko.transport.sftp - DEBUG - [chan 1] Request: readdir
2026-03-13 12:36:18,976 - paramiko.transport.sftp - DEBUG - [chan 1] Request: readdir
2026-03-13 12:36:19,076 - paramiko.transport.sftp - DEBUG - [chan 1] Request: readdir
2026-03-13 12:36:19,077 - paramiko.transport - DEBUG - Received global request "keepalive@jcraft.com"
2026-03-13 12:36:19,176 - paramiko.transport.sftp - DEBUG - [chan 1] Request: readdir
2026-03-13 12:36:19,276 - paramiko.transport.sftp - DEBUG - [chan 1] Request: readdir
2026-03-13 12:36:19,356 - paramiko.transport.sftp - DEBUG - [chan 1] Request: readdir
2026-03-13 12:36:19,436 - paramiko.transport.sftp - DEBUG - [chan 1] Request: readdir
2026-03-13 12:36:19,516 - paramiko.transport.sftp - DEBUG - [chan 1] Request: readdir
2026-03-13 12:36:19,596 - paramiko.transport.sftp - DEBUG - [chan 1] Request: readdir
2026-03-13 12:36:19,676 - paramiko.transport.sftp - DEBUG - [chan 1] Request: readdir
2026-03-13 12:36:19,756 - paramiko.transport.sftp - DEBUG - [chan 1] Request: readdir
2026-03-13 12:36:19,856 - paramiko.transport.sftp - DEBUG - [chan 1] Request: readdir
2026-03-13 12:36:19,957 - paramiko.transport.sftp - DEBUG - [chan 1] Request: readdir
2026-03-13 12:36:20,016 - paramiko.transport.sftp - DEBUG - [chan 1] Request: readdir
2026-03-13 12:36:20,076 - paramiko.transport.sftp - DEBUG - [chan 1] Request: readdir
2026-03-13 12:36:20,136 - paramiko.transport.sftp - DEBUG - [chan 1] Request: readdir
2026-03-13 12:36:20,237 - paramiko.transport.sftp - DEBUG - [chan 1] Request: readdir
2026-03-13 12:36:20,296 - paramiko.transport.sftp - DEBUG - [chan 1] Request: readdir
2026-03-13 12:36:20,356 - paramiko.transport.sftp - DEBUG - [chan 1] Request: readdir
2026-03-13 12:36:20,416 - paramiko.transport.sftp - DEBUG - [chan 1] Request: readdir
2026-03-13 12:36:20,484 - paramiko.transport.sftp - DEBUG - [chan 1] Request: readdir
2026-03-13 12:36:20,605 - paramiko.transport.sftp - DEBUG - [chan 1] Request: readdir
2026-03-13 12:36:20,696 - paramiko.transport.sftp - DEBUG - [chan 1] Request: readdir
2026-03-13 12:36:20,804 - paramiko.transport.sftp - DEBUG - [chan 1] Request: readdir
2026-03-13 12:36:20,925 - paramiko.transport.sftp - DEBUG - [chan 1] Request: readdir
2026-03-13 12:36:21,004 - paramiko.transport.sftp - DEBUG - [chan 1] Request: readdir
2026-03-13 12:36:21,116 - paramiko.transport.sftp - DEBUG - [chan 1] Request: readdir
2026-03-13 12:36:21,236 - paramiko.transport.sftp - DEBUG - [chan 1] Request: readdir
2026-03-13 12:36:21,417 - paramiko.transport.sftp - DEBUG - [chan 1] Request: readdir
2026-03-13 12:36:21,597 - paramiko.transport.sftp - DEBUG - [chan 1] Request: readdir
2026-03-13 12:36:21,785 - paramiko.transport.sftp - DEBUG - [chan 1] Request: readdir
2026-03-13 12:36:22,136 - paramiko.transport.sftp - DEBUG - [chan 1] Request: readdir
2026-03-13 12:36:22,236 - paramiko.transport.sftp - DEBUG - [chan 1] Request: readdir
2026-03-13 12:36:22,296 - paramiko.transport.sftp - DEBUG - [chan 1] Request: readdir
2026-03-13 12:36:22,385 - paramiko.transport.sftp - DEBUG - [chan 1] Request: readdir
2026-03-13 12:36:22,457 - paramiko.transport.sftp - DEBUG - [chan 1] Request: readdir
2026-03-13 12:36:22,566 - paramiko.transport.sftp - DEBUG - [chan 1] Request: readdir
2026-03-13 12:36:22,657 - paramiko.transport.sftp - DEBUG - [chan 1] Request: readdir
2026-03-13 12:36:22,717 - paramiko.transport.sftp - DEBUG - [chan 1] Request: readdir
2026-03-13 12:36:22,797 - paramiko.transport.sftp - DEBUG - [chan 1] Request: readdir
2026-03-13 12:36:23,325 - paramiko.transport.sftp - DEBUG - [chan 1] Request: readdir
2026-03-13 12:36:23,966 - paramiko.transport.sftp - DEBUG - [chan 1] Request: readdir
2026-03-13 12:36:24,037 - paramiko.transport.sftp - DEBUG - [chan 1] Request: readdir
2026-03-13 12:36:24,116 - paramiko.transport.sftp - DEBUG - [chan 1] Request: readdir
2026-03-13 12:36:24,196 - paramiko.transport.sftp - DEBUG - [chan 1] Request: readdir
2026-03-13 12:36:24,276 - paramiko.transport.sftp - DEBUG - [chan 1] Request: readdir
2026-03-13 12:36:24,997 - paramiko.transport.sftp - DEBUG - [chan 1] Request: readdir
2026-03-13 12:36:25,116 - paramiko.transport.sftp - DEBUG - [chan 1] Request: readdir
2026-03-13 12:36:25,196 - paramiko.transport.sftp - DEBUG - [chan 1] Request: readdir
2026-03-13 12:36:25,276 - paramiko.transport.sftp - DEBUG - [chan 1] Request: readdir
2026-03-13 12:36:25,357 - paramiko.transport.sftp - DEBUG - [chan 1] Request: readdir
2026-03-13 12:36:25,436 - paramiko.transport.sftp - DEBUG - [chan 1] Request: readdir
2026-03-13 12:36:25,837 - paramiko.transport.sftp - DEBUG - [chan 1] Request: readdir
2026-03-13 12:36:25,892 - paramiko.transport.sftp - DEBUG - [chan 1] Request: readdir
2026-03-13 12:36:25,956 - paramiko.transport.sftp - DEBUG - [chan 1] Request: readdir
2026-03-13 12:36:26,036 - paramiko.transport.sftp - DEBUG - [chan 1] Request: readdir
2026-03-13 12:36:26,116 - paramiko.transport.sftp - DEBUG - [chan 1] Request: readdir
2026-03-13 12:36:26,176 - paramiko.transport.sftp - DEBUG - [chan 1] Request: readdir
2026-03-13 12:36:26,256 - paramiko.transport.sftp - DEBUG - [chan 1] Request: readdir
2026-03-13 12:36:26,336 - paramiko.transport.sftp - DEBUG - [chan 1] Request: readdir
2026-03-13 12:36:26,416 - paramiko.transport.sftp - DEBUG - [chan 1] Request: readdir
2026-03-13 12:36:26,496 - paramiko.transport.sftp - DEBUG - [chan 1] Request: readdir
2026-03-13 12:36:26,636 - paramiko.transport.sftp - DEBUG - [chan 1] Request: readdir
2026-03-13 12:36:26,956 - paramiko.transport.sftp - DEBUG - [chan 1] Request: readdir
2026-03-13 12:36:27,076 - paramiko.transport.sftp - DEBUG - [chan 1] Request: readdir
2026-03-13 12:36:27,806 - paramiko.transport.sftp - DEBUG - [chan 1] Request: readdir
2026-03-13 12:36:27,876 - paramiko.transport.sftp - DEBUG - [chan 1] Request: readdir
2026-03-13 12:36:27,956 - paramiko.transport.sftp - DEBUG - [chan 1] Request: readdir
2026-03-13 12:36:28,036 - paramiko.transport.sftp - DEBUG - [chan 1] Request: readdir
2026-03-13 12:36:28,116 - paramiko.transport.sftp - DEBUG - [chan 1] Request: readdir
2026-03-13 12:36:28,204 - paramiko.transport.sftp - DEBUG - [chan 1] Request: readdir
2026-03-13 12:36:28,276 - paramiko.transport.sftp - DEBUG - [chan 1] Request: readdir
2026-03-13 12:36:28,497 - paramiko.transport.sftp - DEBUG - [chan 1] Request: readdir
2026-03-13 12:36:28,676 - paramiko.transport.sftp - DEBUG - [chan 1] Request: readdir
2026-03-13 12:36:28,757 - paramiko.transport.sftp - DEBUG - [chan 1] Request: readdir
2026-03-13 12:36:28,876 - paramiko.transport.sftp - DEBUG - [chan 1] Request: readdir
2026-03-13 12:36:28,977 - paramiko.transport.sftp - DEBUG - [chan 1] Request: readdir
2026-03-13 12:36:29,057 - paramiko.transport.sftp - DEBUG - [chan 1] Request: readdir
2026-03-13 12:36:29,157 - paramiko.transport.sftp - DEBUG - [chan 1] Request: readdir
2026-03-13 12:36:29,172 - paramiko.transport - DEBUG - Received global request "keepalive@jcraft.com"
2026-03-13 12:36:29,396 - paramiko.transport.sftp - DEBUG - [chan 1] Request: readdir
2026-03-13 12:36:29,484 - paramiko.transport.sftp - DEBUG - [chan 1] Request: readdir
2026-03-13 12:36:29,656 - paramiko.transport.sftp - DEBUG - [chan 1] Request: readdir
2026-03-13 12:36:29,756 - paramiko.transport.sftp - DEBUG - [chan 1] Request: readdir
2026-03-13 12:36:29,884 - paramiko.transport.sftp - DEBUG - [chan 1] Request: readdir
2026-03-13 12:36:29,952 - paramiko.transport.sftp - DEBUG - [chan 1] Request: readdir
2026-03-13 12:36:30,356 - paramiko.transport.sftp - DEBUG - [chan 1] Request: readdir
2026-03-13 12:36:30,437 - paramiko.transport.sftp - DEBUG - [chan 1] Request: readdir
2026-03-13 12:36:30,536 - paramiko.transport.sftp - DEBUG - [chan 1] Request: readdir
2026-03-13 12:36:30,637 - paramiko.transport.sftp - DEBUG - [chan 1] Request: readdir
2026-03-13 12:36:30,876 - paramiko.transport.sftp - DEBUG - [chan 1] Request: readdir
2026-03-13 12:36:31,396 - paramiko.transport.sftp - DEBUG - [chan 1] Request: readdir
2026-03-13 12:36:31,476 - paramiko.transport.sftp - DEBUG - [chan 1] Request: readdir
2026-03-13 12:36:31,578 - paramiko.transport.sftp - DEBUG - [chan 1] Request: readdir
2026-03-13 12:36:31,664 - paramiko.transport.sftp - DEBUG - [chan 1] Request: readdir
2026-03-13 12:36:31,756 - paramiko.transport.sftp - DEBUG - [chan 1] Request: readdir
2026-03-13 12:36:31,896 - paramiko.transport.sftp - DEBUG - [chan 1] Request: readdir
2026-03-13 12:36:31,977 - paramiko.transport.sftp - DEBUG - [chan 1] Request: readdir
2026-03-13 12:36:32,036 - paramiko.transport.sftp - DEBUG - [chan 1] Request: readdir
2026-03-13 12:36:32,096 - paramiko.transport.sftp - DEBUG - [chan 1] Request: readdir
2026-03-13 12:36:32,156 - paramiko.transport.sftp - DEBUG - [chan 1] Request: readdir
2026-03-13 12:36:32,216 - paramiko.transport.sftp - DEBUG - [chan 1] Request: readdir
2026-03-13 12:36:32,296 - paramiko.transport.sftp - DEBUG - [chan 1] Request: readdir
2026-03-13 12:36:32,364 - paramiko.transport.sftp - DEBUG - [chan 1] Request: readdir
2026-03-13 12:36:32,456 - paramiko.transport.sftp - DEBUG - [chan 1] Request: readdir
2026-03-13 12:36:32,519 - paramiko.transport.sftp - DEBUG - [chan 1] Request: readdir
2026-03-13 12:36:32,577 - paramiko.transport.sftp - DEBUG - [chan 1] Request: readdir
2026-03-13 12:36:32,636 - paramiko.transport.sftp - DEBUG - [chan 1] Request: readdir
2026-03-13 12:36:32,696 - paramiko.transport.sftp - DEBUG - [chan 1] Request: readdir
2026-03-13 12:36:32,776 - paramiko.transport.sftp - DEBUG - [chan 1] Request: readdir
2026-03-13 12:36:32,864 - paramiko.transport.sftp - DEBUG - [chan 1] Request: readdir
2026-03-13 12:36:33,168 - paramiko.transport.sftp - DEBUG - [chan 1] Request: readdir
2026-03-13 12:36:33,246 - paramiko.transport.sftp - DEBUG - [chan 1] Request: readdir
2026-03-13 12:36:33,317 - paramiko.transport.sftp - DEBUG - [chan 1] Request: readdir
2026-03-13 12:36:33,384 - paramiko.transport.sftp - DEBUG - [chan 1] Request: readdir
2026-03-13 12:36:33,457 - paramiko.transport.sftp - DEBUG - [chan 1] Request: readdir
2026-03-13 12:36:33,517 - paramiko.transport.sftp - DEBUG - [chan 1] Request: readdir
2026-03-13 12:36:33,577 - paramiko.transport.sftp - DEBUG - [chan 1] Request: readdir
2026-03-13 12:36:33,656 - paramiko.transport.sftp - DEBUG - [chan 1] Request: readdir
2026-03-13 12:36:33,736 - paramiko.transport.sftp - DEBUG - [chan 1] Request: readdir
2026-03-13 12:36:33,796 - paramiko.transport.sftp - DEBUG - [chan 1] Request: readdir
2026-03-13 12:36:33,856 - paramiko.transport.sftp - DEBUG - [chan 1] Request: readdir
2026-03-13 12:36:33,916 - paramiko.transport.sftp - DEBUG - [chan 1] Request: readdir
2026-03-13 12:36:33,984 - paramiko.transport.sftp - DEBUG - [chan 1] Request: readdir
2026-03-13 12:36:34,056 - paramiko.transport.sftp - DEBUG - [chan 1] Request: readdir
2026-03-13 12:36:34,116 - paramiko.transport.sftp - DEBUG - [chan 1] Request: readdir
2026-03-13 12:36:34,176 - paramiko.transport.sftp - DEBUG - [chan 1] Request: readdir
2026-03-13 12:36:34,236 - paramiko.transport.sftp - DEBUG - [chan 1] Request: readdir
2026-03-13 12:36:34,304 - paramiko.transport.sftp - DEBUG - [chan 1] Request: readdir
2026-03-13 12:36:34,376 - paramiko.transport.sftp - DEBUG - [chan 1] Request: readdir
2026-03-13 12:36:34,436 - paramiko.transport.sftp - DEBUG - [chan 1] Request: readdir
2026-03-13 12:36:34,528 - paramiko.transport.sftp - DEBUG - [chan 1] Request: readdir
2026-03-13 12:36:34,597 - paramiko.transport.sftp - DEBUG - [chan 1] Request: readdir
2026-03-13 12:36:34,656 - paramiko.transport.sftp - DEBUG - [chan 1] Request: readdir
2026-03-13 12:36:34,716 - paramiko.transport.sftp - DEBUG - [chan 1] Request: readdir
2026-03-13 12:36:34,784 - paramiko.transport.sftp - DEBUG - [chan 1] Request: readdir
2026-03-13 12:36:34,856 - paramiko.transport.sftp - DEBUG - [chan 1] Request: readdir
2026-03-13 12:36:34,916 - paramiko.transport.sftp - DEBUG - [chan 1] Request: readdir
2026-03-13 12:36:34,976 - paramiko.transport.sftp - DEBUG - [chan 1] Request: readdir
2026-03-13 12:36:35,036 - paramiko.transport.sftp - DEBUG - [chan 1] Request: readdir
2026-03-13 12:36:35,096 - paramiko.transport.sftp - DEBUG - [chan 1] Request: readdir
2026-03-13 12:36:35,176 - paramiko.transport.sftp - DEBUG - [chan 1] Request: readdir
2026-03-13 12:36:35,236 - paramiko.transport.sftp - DEBUG - [chan 1] Request: readdir
2026-03-13 12:36:35,296 - paramiko.transport.sftp - DEBUG - [chan 1] Request: readdir
2026-03-13 12:36:35,364 - paramiko.transport.sftp - DEBUG - [chan 1] Request: readdir
2026-03-13 12:36:35,437 - paramiko.transport.sftp - DEBUG - [chan 1] Request: readdir
2026-03-13 12:36:35,496 - paramiko.transport.sftp - DEBUG - [chan 1] Request: readdir
2026-03-13 12:36:35,584 - paramiko.transport.sftp - DEBUG - [chan 1] Request: readdir
2026-03-13 12:36:35,665 - paramiko.transport.sftp - DEBUG - [chan 1] Request: readdir
2026-03-13 12:36:35,736 - paramiko.transport.sftp - DEBUG - [chan 1] Request: readdir
2026-03-13 12:36:35,817 - paramiko.transport.sftp - DEBUG - [chan 1] Request: readdir
2026-03-13 12:36:35,876 - paramiko.transport.sftp - DEBUG - [chan 1] Request: readdir
2026-03-13 12:36:35,944 - paramiko.transport.sftp - DEBUG - [chan 1] Request: readdir
2026-03-13 12:36:36,024 - paramiko.transport.sftp - DEBUG - [chan 1] Request: readdir
2026-03-13 12:36:36,096 - paramiko.transport.sftp - DEBUG - [chan 1] Request: readdir
2026-03-13 12:36:36,157 - paramiko.transport.sftp - DEBUG - [chan 1] Request: readdir
2026-03-13 12:36:36,216 - paramiko.transport.sftp - DEBUG - [chan 1] Request: readdir
2026-03-13 12:36:36,277 - paramiko.transport.sftp - DEBUG - [chan 1] Request: readdir
2026-03-13 12:36:36,336 - paramiko.transport.sftp - DEBUG - [chan 1] Request: readdir
2026-03-13 12:36:36,396 - paramiko.transport.sftp - DEBUG - [chan 1] Request: readdir
2026-03-13 12:36:36,456 - paramiko.transport.sftp - DEBUG - [chan 1] Request: readdir
2026-03-13 12:36:36,536 - paramiko.transport.sftp - DEBUG - [chan 1] Request: readdir
2026-03-13 12:36:36,604 - paramiko.transport.sftp - DEBUG - [chan 1] Request: readdir
2026-03-13 12:36:36,684 - paramiko.transport.sftp - DEBUG - [chan 1] Request: readdir
2026-03-13 12:36:36,756 - paramiko.transport.sftp - DEBUG - [chan 1] Request: readdir
2026-03-13 12:36:36,844 - paramiko.transport.sftp - DEBUG - [chan 1] Request: readdir
2026-03-13 12:36:36,917 - paramiko.transport.sftp - DEBUG - [chan 1] Request: readdir
2026-03-13 12:36:36,976 - paramiko.transport.sftp - DEBUG - [chan 1] Request: readdir
2026-03-13 12:36:37,036 - paramiko.transport.sftp - DEBUG - [chan 1] Request: readdir
2026-03-13 12:36:37,096 - paramiko.transport.sftp - DEBUG - [chan 1] Request: readdir
2026-03-13 12:36:37,156 - paramiko.transport.sftp - DEBUG - [chan 1] Request: readdir
2026-03-13 12:36:37,224 - paramiko.transport.sftp - DEBUG - [chan 1] Request: readdir
2026-03-13 12:36:37,716 - paramiko.transport.sftp - DEBUG - [chan 1] Request: readdir
2026-03-13 12:36:37,796 - paramiko.transport.sftp - DEBUG - [chan 1] Request: readdir
2026-03-13 12:36:37,876 - paramiko.transport.sftp - DEBUG - [chan 1] Request: readdir
2026-03-13 12:36:37,956 - paramiko.transport.sftp - DEBUG - [chan 1] Request: readdir
2026-03-13 12:36:38,036 - paramiko.transport.sftp - DEBUG - [chan 1] Request: readdir
2026-03-13 12:36:38,117 - paramiko.transport.sftp - DEBUG - [chan 1] Request: readdir
2026-03-13 12:36:38,196 - paramiko.transport.sftp - DEBUG - [chan 1] Request: readdir
2026-03-13 12:36:38,276 - paramiko.transport.sftp - DEBUG - [chan 1] Request: readdir
2026-03-13 12:36:38,397 - paramiko.transport.sftp - DEBUG - [chan 1] Request: readdir
2026-03-13 12:36:38,464 - paramiko.transport.sftp - DEBUG - [chan 1] Request: readdir
2026-03-13 12:36:38,537 - paramiko.transport.sftp - DEBUG - [chan 1] Request: readdir
2026-03-13 12:36:38,619 - paramiko.transport.sftp - DEBUG - [chan 1] Request: readdir
2026-03-13 12:36:38,676 - paramiko.transport.sftp - DEBUG - [chan 1] Request: readdir
2026-03-13 12:36:38,737 - paramiko.transport.sftp - DEBUG - [chan 1] Request: readdir
2026-03-13 12:36:38,796 - paramiko.transport.sftp - DEBUG - [chan 1] Request: readdir
2026-03-13 12:36:38,856 - paramiko.transport.sftp - DEBUG - [chan 1] Request: readdir
2026-03-13 12:36:38,917 - paramiko.transport.sftp - DEBUG - [chan 1] Request: readdir
2026-03-13 12:36:38,996 - paramiko.transport.sftp - DEBUG - [chan 1] Request: readdir
2026-03-13 12:36:39,076 - paramiko.transport.sftp - DEBUG - [chan 1] Request: readdir
2026-03-13 12:36:39,156 - paramiko.transport.sftp - DEBUG - [chan 1] Request: readdir
2026-03-13 12:36:39,216 - paramiko.transport.sftp - DEBUG - [chan 1] Request: readdir
2026-03-13 12:36:39,389 - paramiko.transport - DEBUG - Received global request "keepalive@jcraft.com"
2026-03-13 12:36:39,464 - paramiko.transport.sftp - DEBUG - [chan 1] Request: readdir
2026-03-13 12:36:39,544 - paramiko.transport.sftp - DEBUG - [chan 1] Request: readdir
2026-03-13 12:36:39,957 - paramiko.transport.sftp - DEBUG - [chan 1] Request: readdir
2026-03-13 12:36:40,036 - paramiko.transport.sftp - DEBUG - [chan 1] Request: readdir
2026-03-13 12:36:40,116 - paramiko.transport.sftp - DEBUG - [chan 1] Request: readdir
2026-03-13 12:36:40,196 - paramiko.transport.sftp - DEBUG - [chan 1] Request: readdir
2026-03-13 12:36:40,277 - paramiko.transport.sftp - DEBUG - [chan 1] Request: readdir
2026-03-13 12:36:40,356 - paramiko.transport.sftp - DEBUG - [chan 1] Request: readdir
2026-03-13 12:36:40,444 - paramiko.transport.sftp - DEBUG - [chan 1] Request: readdir
2026-03-13 12:36:40,636 - paramiko.transport.sftp - DEBUG - [chan 1] Request: readdir
2026-03-13 12:36:40,696 - paramiko.transport.sftp - DEBUG - [chan 1] Request: readdir
2026-03-13 12:36:40,756 - paramiko.transport.sftp - DEBUG - [chan 1] Request: readdir
2026-03-13 12:36:40,816 - paramiko.transport.sftp - DEBUG - [chan 1] Request: readdir
2026-03-13 12:36:40,876 - paramiko.transport.sftp - DEBUG - [chan 1] Request: readdir
2026-03-13 12:36:40,944 - paramiko.transport.sftp - DEBUG - [chan 1] Request: readdir
2026-03-13 12:36:41,016 - paramiko.transport.sftp - DEBUG - [chan 1] Request: readdir
2026-03-13 12:36:41,076 - paramiko.transport.sftp - DEBUG - [chan 1] Request: readdir
2026-03-13 12:36:41,164 - paramiko.transport.sftp - DEBUG - [chan 1] Request: readdir
2026-03-13 12:36:41,236 - paramiko.transport.sftp - DEBUG - [chan 1] Request: readdir
2026-03-13 12:36:41,316 - paramiko.transport.sftp - DEBUG - [chan 1] Request: readdir
2026-03-13 12:36:41,396 - paramiko.transport.sftp - DEBUG - [chan 1] Request: readdir
2026-03-13 12:36:41,476 - paramiko.transport.sftp - DEBUG - [chan 1] Request: readdir
2026-03-13 12:36:41,556 - paramiko.transport.sftp - DEBUG - [chan 1] Request: readdir
2026-03-13 12:36:41,636 - paramiko.transport.sftp - DEBUG - [chan 1] Request: readdir
2026-03-13 12:36:41,724 - paramiko.transport.sftp - DEBUG - [chan 1] Request: readdir
2026-03-13 12:36:41,796 - paramiko.transport.sftp - DEBUG - [chan 1] Request: readdir
2026-03-13 12:36:41,917 - paramiko.transport.sftp - DEBUG - [chan 1] Request: readdir
2026-03-13 12:36:41,976 - paramiko.transport.sftp - DEBUG - [chan 1] Request: readdir
2026-03-13 12:36:42,036 - paramiko.transport.sftp - DEBUG - [chan 1] Request: readdir
2026-03-13 12:36:42,096 - paramiko.transport.sftp - DEBUG - [chan 1] Request: readdir
2026-03-13 12:36:42,156 - paramiko.transport.sftp - DEBUG - [chan 1] Request: readdir
2026-03-13 12:36:42,216 - paramiko.transport.sftp - DEBUG - [chan 1] Request: readdir
2026-03-13 12:36:42,276 - paramiko.transport.sftp - DEBUG - [chan 1] Request: readdir
2026-03-13 12:36:42,364 - paramiko.transport.sftp - DEBUG - [chan 1] Request: readdir
2026-03-13 12:36:42,436 - paramiko.transport.sftp - DEBUG - [chan 1] Request: readdir
2026-03-13 12:36:42,496 - paramiko.transport.sftp - DEBUG - [chan 1] Request: readdir
2026-03-13 12:36:42,564 - paramiko.transport.sftp - DEBUG - [chan 1] Request: readdir
2026-03-13 12:36:42,644 - paramiko.transport.sftp - DEBUG - [chan 1] Request: readdir
2026-03-13 12:36:42,724 - paramiko.transport.sftp - DEBUG - [chan 1] Request: readdir
2026-03-13 12:36:42,796 - paramiko.transport.sftp - DEBUG - [chan 1] Request: readdir
2026-03-13 12:36:42,876 - paramiko.transport.sftp - DEBUG - [chan 1] Request: readdir
2026-03-13 12:36:42,956 - paramiko.transport.sftp - DEBUG - [chan 1] Request: readdir
2026-03-13 12:36:43,016 - paramiko.transport.sftp - DEBUG - [chan 1] Request: readdir
2026-03-13 12:36:43,076 - paramiko.transport.sftp - DEBUG - [chan 1] Request: readdir
2026-03-13 12:36:43,136 - paramiko.transport.sftp - DEBUG - [chan 1] Request: readdir
2026-03-13 12:36:43,216 - paramiko.transport.sftp - DEBUG - [chan 1] Request: readdir
2026-03-13 12:36:43,316 - paramiko.transport.sftp - DEBUG - [chan 1] Request: readdir
2026-03-13 12:36:43,396 - paramiko.transport.sftp - DEBUG - [chan 1] Request: readdir
2026-03-13 12:36:43,476 - paramiko.transport.sftp - DEBUG - [chan 1] Request: readdir
2026-03-13 12:36:43,557 - paramiko.transport.sftp - DEBUG - [chan 1] Request: readdir
2026-03-13 12:36:43,636 - paramiko.transport.sftp - DEBUG - [chan 1] Request: readdir
2026-03-13 12:36:43,716 - paramiko.transport.sftp - DEBUG - [chan 1] Request: readdir
2026-03-13 12:36:43,796 - paramiko.transport.sftp - DEBUG - [chan 1] Request: readdir
2026-03-13 12:36:43,876 - paramiko.transport.sftp - DEBUG - [chan 1] Request: readdir
2026-03-13 12:36:43,956 - paramiko.transport.sftp - DEBUG - [chan 1] Request: readdir
2026-03-13 12:36:44,036 - paramiko.transport.sftp - DEBUG - [chan 1] Request: readdir
2026-03-13 12:36:44,117 - paramiko.transport.sftp - DEBUG - [chan 1] Request: readdir
2026-03-13 12:36:44,197 - paramiko.transport.sftp - DEBUG - [chan 1] Request: readdir
2026-03-13 12:36:44,276 - paramiko.transport.sftp - DEBUG - [chan 1] Request: readdir
2026-03-13 12:36:44,356 - paramiko.transport.sftp - DEBUG - [chan 1] Request: readdir
2026-03-13 12:36:44,437 - paramiko.transport.sftp - DEBUG - [chan 1] Request: readdir
2026-03-13 12:36:44,496 - paramiko.transport.sftp - DEBUG - [chan 1] Request: readdir
2026-03-13 12:36:44,556 - paramiko.transport.sftp - DEBUG - [chan 1] Request: readdir
2026-03-13 12:36:44,624 - paramiko.transport.sftp - DEBUG - [chan 1] Request: readdir
2026-03-13 12:36:44,717 - paramiko.transport.sftp - DEBUG - [chan 1] Request: readdir
2026-03-13 12:36:44,796 - paramiko.transport.sftp - DEBUG - [chan 1] Request: readdir
2026-03-13 12:36:44,877 - paramiko.transport.sftp - DEBUG - [chan 1] Request: readdir
2026-03-13 12:36:44,958 - paramiko.transport.sftp - DEBUG - [chan 1] Request: readdir
2026-03-13 12:36:45,036 - paramiko.transport.sftp - DEBUG - [chan 1] Request: readdir
2026-03-13 12:36:45,145 - paramiko.transport.sftp - DEBUG - [chan 1] Request: readdir
2026-03-13 12:36:45,589 - paramiko.transport.sftp - DEBUG - [chan 1] Request: readdir
2026-03-13 12:36:45,656 - paramiko.transport.sftp - DEBUG - [chan 1] Request: readdir
2026-03-13 12:36:45,737 - paramiko.transport.sftp - DEBUG - [chan 1] Request: readdir
2026-03-13 12:36:45,796 - paramiko.transport.sftp - DEBUG - [chan 1] Request: readdir
2026-03-13 12:36:45,856 - paramiko.transport.sftp - DEBUG - [chan 1] Request: readdir
2026-03-13 12:36:45,916 - paramiko.transport.sftp - DEBUG - [chan 1] Request: readdir
2026-03-13 12:36:45,977 - paramiko.transport.sftp - DEBUG - [chan 1] Request: readdir
2026-03-13 12:36:46,037 - paramiko.transport.sftp - DEBUG - [chan 1] Request: readdir
2026-03-13 12:36:46,117 - paramiko.transport.sftp - DEBUG - [chan 1] Request: readdir
2026-03-13 12:36:46,196 - paramiko.transport.sftp - DEBUG - [chan 1] Request: readdir
2026-03-13 12:36:46,257 - paramiko.transport.sftp - DEBUG - [chan 1] Request: readdir
2026-03-13 12:36:46,336 - paramiko.transport.sftp - DEBUG - [chan 1] Request: readdir
2026-03-13 12:36:46,456 - paramiko.transport.sftp - DEBUG - [chan 1] Request: readdir
2026-03-13 12:36:46,516 - paramiko.transport.sftp - DEBUG - [chan 1] Request: readdir
2026-03-13 12:36:46,596 - paramiko.transport.sftp - DEBUG - [chan 1] Request: readdir
2026-03-13 12:36:46,684 - paramiko.transport.sftp - DEBUG - [chan 1] Request: readdir
2026-03-13 12:36:46,749 - paramiko.transport.sftp - DEBUG - [chan 1] Request: readdir
2026-03-13 12:36:46,816 - paramiko.transport.sftp - DEBUG - [chan 1] Request: readdir
2026-03-13 12:36:46,877 - paramiko.transport.sftp - DEBUG - [chan 1] Request: readdir
2026-03-13 12:36:46,936 - paramiko.transport.sftp - DEBUG - [chan 1] Request: readdir
2026-03-13 12:36:46,997 - paramiko.transport.sftp - DEBUG - [chan 1] Request: readdir
2026-03-13 12:36:47,057 - paramiko.transport.sftp - DEBUG - [chan 1] Request: readdir
2026-03-13 12:36:47,117 - paramiko.transport.sftp - DEBUG - [chan 1] Request: readdir
2026-03-13 12:36:47,176 - paramiko.transport.sftp - DEBUG - [chan 1] Request: readdir
2026-03-13 12:36:47,236 - paramiko.transport.sftp - DEBUG - [chan 1] Request: readdir
2026-03-13 12:36:47,297 - paramiko.transport.sftp - DEBUG - [chan 1] Request: readdir
2026-03-13 12:36:47,357 - paramiko.transport.sftp - DEBUG - [chan 1] Request: readdir
2026-03-13 12:36:47,417 - paramiko.transport.sftp - DEBUG - [chan 1] Request: readdir
2026-03-13 12:36:47,496 - paramiko.transport.sftp - DEBUG - [chan 1] Request: readdir
2026-03-13 12:36:47,596 - paramiko.transport.sftp - DEBUG - [chan 1] Request: readdir
2026-03-13 12:36:47,677 - paramiko.transport.sftp - DEBUG - [chan 1] Request: readdir
2026-03-13 12:36:47,764 - paramiko.transport.sftp - DEBUG - [chan 1] Request: readdir
2026-03-13 12:36:47,944 - paramiko.transport.sftp - DEBUG - [chan 1] Request: readdir
2026-03-13 12:36:48,156 - paramiko.transport.sftp - DEBUG - [chan 1] Request: readdir
2026-03-13 12:36:48,237 - paramiko.transport.sftp - DEBUG - [chan 1] Request: readdir
2026-03-13 12:36:48,476 - paramiko.transport.sftp - DEBUG - [chan 1] Request: readdir
2026-03-13 12:36:48,551 - paramiko.transport.sftp - DEBUG - [chan 1] Request: readdir
2026-03-13 12:36:48,677 - paramiko.transport.sftp - DEBUG - [chan 1] Request: readdir
2026-03-13 12:36:48,756 - paramiko.transport.sftp - DEBUG - [chan 1] Request: readdir
2026-03-13 12:36:48,858 - paramiko.transport.sftp - DEBUG - [chan 1] Request: readdir
2026-03-13 12:36:48,944 - paramiko.transport.sftp - DEBUG - [chan 1] Request: readdir
2026-03-13 12:36:49,048 - paramiko.transport.sftp - DEBUG - [chan 1] Request: readdir
2026-03-13 12:36:49,124 - paramiko.transport.sftp - DEBUG - [chan 1] Request: readdir
2026-03-13 12:36:49,196 - paramiko.transport.sftp - DEBUG - [chan 1] Request: readdir
2026-03-13 12:36:49,316 - paramiko.transport.sftp - DEBUG - [chan 1] Request: readdir
2026-03-13 12:36:49,436 - paramiko.transport.sftp - DEBUG - [chan 1] Request: readdir
2026-03-13 12:36:49,449 - paramiko.transport - DEBUG - Received global request "keepalive@jcraft.com"
2026-03-13 12:36:49,556 - paramiko.transport.sftp - DEBUG - [chan 1] Request: readdir
2026-03-13 12:36:49,636 - paramiko.transport.sftp - DEBUG - [chan 1] Request: readdir
2026-03-13 12:36:49,696 - paramiko.transport.sftp - DEBUG - [chan 1] Request: readdir
2026-03-13 12:36:49,784 - paramiko.transport.sftp - DEBUG - [chan 1] Request: readdir
2026-03-13 12:36:49,876 - paramiko.transport.sftp - DEBUG - [chan 1] Request: readdir
2026-03-13 12:36:49,936 - paramiko.transport.sftp - DEBUG - [chan 1] Request: readdir
2026-03-13 12:36:49,996 - paramiko.transport.sftp - DEBUG - [chan 1] Request: readdir
2026-03-13 12:36:50,056 - paramiko.transport.sftp - DEBUG - [chan 1] Request: readdir
2026-03-13 12:36:50,136 - paramiko.transport.sftp - DEBUG - [chan 1] Request: readdir
2026-03-13 12:36:50,216 - paramiko.transport.sftp - DEBUG - [chan 1] Request: readdir
2026-03-13 12:36:50,274 - paramiko.transport.sftp - DEBUG - [chan 1] Request: readdir
2026-03-13 12:36:50,356 - paramiko.transport.sftp - DEBUG - [chan 1] Request: readdir
2026-03-13 12:36:50,436 - paramiko.transport.sftp - DEBUG - [chan 1] Request: readdir
2026-03-13 12:36:50,496 - paramiko.transport.sftp - DEBUG - [chan 1] Request: readdir
2026-03-13 12:36:50,584 - paramiko.transport.sftp - DEBUG - [chan 1] Request: readdir
2026-03-13 12:36:50,656 - paramiko.transport.sftp - DEBUG - [chan 1] Request: readdir
2026-03-13 12:36:50,724 - paramiko.transport.sftp - DEBUG - [chan 1] Request: readdir
2026-03-13 12:36:50,796 - paramiko.transport.sftp - DEBUG - [chan 1] Request: readdir
2026-03-13 12:36:50,856 - paramiko.transport.sftp - DEBUG - [chan 1] Request: readdir
2026-03-13 12:36:50,917 - paramiko.transport.sftp - DEBUG - [chan 1] Request: readdir
2026-03-13 12:36:50,996 - paramiko.transport.sftp - DEBUG - [chan 1] Request: readdir
2026-03-13 12:36:51,076 - paramiko.transport.sftp - DEBUG - [chan 1] Request: readdir
2026-03-13 12:36:51,156 - paramiko.transport.sftp - DEBUG - [chan 1] Request: readdir
2026-03-13 12:36:51,236 - paramiko.transport.sftp - DEBUG - [chan 1] Request: readdir
2026-03-13 12:36:51,324 - paramiko.transport.sftp - DEBUG - [chan 1] Request: readdir
2026-03-13 12:36:51,396 - paramiko.transport.sftp - DEBUG - [chan 1] Request: readdir
2026-03-13 12:36:51,476 - paramiko.transport.sftp - DEBUG - [chan 1] Request: readdir
2026-03-13 12:36:51,536 - paramiko.transport.sftp - DEBUG - [chan 1] Request: readdir
2026-03-13 12:36:51,625 - paramiko.transport.sftp - DEBUG - [chan 1] Request: readdir
2026-03-13 12:36:51,716 - paramiko.transport.sftp - DEBUG - [chan 1] Request: readdir
2026-03-13 12:36:51,776 - paramiko.transport.sftp - DEBUG - [chan 1] Request: readdir
2026-03-13 12:36:51,836 - paramiko.transport.sftp - DEBUG - [chan 1] Request: readdir
2026-03-13 12:36:51,896 - paramiko.transport.sftp - DEBUG - [chan 1] Request: readdir
2026-03-13 12:36:51,976 - paramiko.transport.sftp - DEBUG - [chan 1] Request: readdir
2026-03-13 12:36:52,039 - paramiko.transport.sftp - DEBUG - [chan 1] Request: readdir
2026-03-13 12:36:52,096 - paramiko.transport.sftp - DEBUG - [chan 1] Request: readdir
2026-03-13 12:36:52,156 - paramiko.transport.sftp - DEBUG - [chan 1] Request: readdir
2026-03-13 12:36:52,216 - paramiko.transport.sftp - DEBUG - [chan 1] Request: readdir
2026-03-13 12:36:52,296 - paramiko.transport.sftp - DEBUG - [chan 1] Request: readdir
2026-03-13 12:36:52,356 - paramiko.transport.sftp - DEBUG - [chan 1] Request: readdir
2026-03-13 12:36:52,449 - paramiko.transport.sftp - DEBUG - [chan 1] Request: readdir
2026-03-13 12:36:52,917 - paramiko.transport.sftp - DEBUG - [chan 1] Request: readdir
2026-03-13 12:36:52,976 - paramiko.transport.sftp - DEBUG - [chan 1] Request: readdir
2026-03-13 12:36:53,036 - paramiko.transport.sftp - DEBUG - [chan 1] Request: readdir
2026-03-13 12:36:53,116 - paramiko.transport.sftp - DEBUG - [chan 1] Request: readdir
2026-03-13 12:36:53,196 - paramiko.transport.sftp - DEBUG - [chan 1] Request: readdir
2026-03-13 12:36:53,276 - paramiko.transport.sftp - DEBUG - [chan 1] Request: readdir
2026-03-13 12:36:53,356 - paramiko.transport.sftp - DEBUG - [chan 1] Request: readdir
2026-03-13 12:36:53,444 - paramiko.transport.sftp - DEBUG - [chan 1] Request: readdir
2026-03-13 12:36:53,516 - paramiko.transport.sftp - DEBUG - [chan 1] Request: readdir
2026-03-13 12:36:53,577 - paramiko.transport.sftp - DEBUG - [chan 1] Request: readdir
2026-03-13 12:36:53,664 - paramiko.transport.sftp - DEBUG - [chan 1] Request: readdir
2026-03-13 12:36:53,737 - paramiko.transport.sftp - DEBUG - [chan 1] Request: readdir
2026-03-13 12:36:53,816 - paramiko.transport.sftp - DEBUG - [chan 1] Request: readdir
2026-03-13 12:36:53,916 - paramiko.transport.sftp - DEBUG - [chan 1] Request: readdir
2026-03-13 12:36:53,980 - paramiko.transport.sftp - DEBUG - [chan 1] Request: readdir
2026-03-13 12:36:54,040 - paramiko.transport.sftp - DEBUG - [chan 1] Request: readdir
2026-03-13 12:36:54,116 - paramiko.transport.sftp - DEBUG - [chan 1] Request: readdir
2026-03-13 12:36:54,204 - paramiko.transport.sftp - DEBUG - [chan 1] Request: readdir
2026-03-13 12:36:54,286 - paramiko.transport.sftp - DEBUG - [chan 1] Request: readdir
2026-03-13 12:36:54,364 - paramiko.transport.sftp - DEBUG - [chan 1] Request: readdir
2026-03-13 12:36:54,437 - paramiko.transport.sftp - DEBUG - [chan 1] Request: readdir
2026-03-13 12:36:54,536 - paramiko.transport.sftp - DEBUG - [chan 1] Request: readdir
2026-03-13 12:36:54,624 - paramiko.transport.sftp - DEBUG - [chan 1] Request: readdir
2026-03-13 12:36:54,696 - paramiko.transport.sftp - DEBUG - [chan 1] Request: readdir
2026-03-13 12:36:54,776 - paramiko.transport.sftp - DEBUG - [chan 1] Request: readdir
2026-03-13 12:36:54,836 - paramiko.transport.sftp - DEBUG - [chan 1] Request: readdir
2026-03-13 12:36:54,917 - paramiko.transport.sftp - DEBUG - [chan 1] Request: readdir
2026-03-13 12:36:54,989 - paramiko.transport.sftp - DEBUG - [chan 1] Request: readdir
2026-03-13 12:36:55,056 - paramiko.transport.sftp - DEBUG - [chan 1] Request: readdir
2026-03-13 12:36:55,116 - paramiko.transport.sftp - DEBUG - [chan 1] Request: readdir
2026-03-13 12:36:55,176 - paramiko.transport.sftp - DEBUG - [chan 1] Request: readdir
2026-03-13 12:36:55,256 - paramiko.transport.sftp - DEBUG - [chan 1] Request: readdir
2026-03-13 12:36:55,336 - paramiko.transport.sftp - DEBUG - [chan 1] Request: readdir
2026-03-13 12:36:55,396 - paramiko.transport.sftp - DEBUG - [chan 1] Request: readdir
2026-03-13 12:36:55,496 - paramiko.transport.sftp - DEBUG - [chan 1] Request: readdir
2026-03-13 12:36:55,556 - paramiko.transport.sftp - DEBUG - [chan 1] Request: readdir
2026-03-13 12:36:55,636 - paramiko.transport.sftp - DEBUG - [chan 1] Request: readdir
2026-03-13 12:36:55,716 - paramiko.transport.sftp - DEBUG - [chan 1] Request: readdir
2026-03-13 12:36:55,813 - paramiko.transport.sftp - DEBUG - [chan 1] Request: readdir
2026-03-13 12:36:55,896 - paramiko.transport.sftp - DEBUG - [chan 1] Request: readdir
2026-03-13 12:36:55,956 - paramiko.transport.sftp - DEBUG - [chan 1] Request: readdir
2026-03-13 12:36:56,016 - paramiko.transport.sftp - DEBUG - [chan 1] Request: readdir
2026-03-13 12:36:56,096 - paramiko.transport.sftp - DEBUG - [chan 1] Request: readdir
2026-03-13 12:36:56,176 - paramiko.transport.sftp - DEBUG - [chan 1] Request: readdir
2026-03-13 12:36:56,236 - paramiko.transport.sftp - DEBUG - [chan 1] Request: readdir
2026-03-13 12:36:56,316 - paramiko.transport.sftp - DEBUG - [chan 1] Request: readdir
2026-03-13 12:36:56,396 - paramiko.transport.sftp - DEBUG - [chan 1] Request: readdir
2026-03-13 12:36:56,476 - paramiko.transport.sftp - DEBUG - [chan 1] Request: readdir
2026-03-13 12:36:56,556 - paramiko.transport.sftp - DEBUG - [chan 1] Request: readdir
2026-03-13 12:36:56,636 - paramiko.transport.sftp - DEBUG - [chan 1] Request: readdir
2026-03-13 12:36:56,716 - paramiko.transport.sftp - DEBUG - [chan 1] Request: readdir
2026-03-13 12:36:56,796 - paramiko.transport.sftp - DEBUG - [chan 1] Request: readdir
2026-03-13 12:36:56,876 - paramiko.transport.sftp - DEBUG - [chan 1] Request: readdir
2026-03-13 12:36:56,936 - paramiko.transport.sftp - DEBUG - [chan 1] Request: readdir
2026-03-13 12:36:57,016 - paramiko.transport.sftp - DEBUG - [chan 1] Request: readdir
2026-03-13 12:36:57,104 - paramiko.transport.sftp - DEBUG - [chan 1] Request: readdir
2026-03-13 12:36:57,196 - paramiko.transport.sftp - DEBUG - [chan 1] Request: readdir
2026-03-13 12:36:57,276 - paramiko.transport.sftp - DEBUG - [chan 1] Request: readdir
2026-03-13 12:36:57,796 - paramiko.transport.sftp - DEBUG - [chan 1] Request: readdir
2026-03-13 12:36:57,916 - paramiko.transport.sftp - DEBUG - [chan 1] Request: readdir
2026-03-13 12:36:57,996 - paramiko.transport.sftp - DEBUG - [chan 1] Request: readdir
2026-03-13 12:36:58,076 - paramiko.transport.sftp - DEBUG - [chan 1] Request: readdir
2026-03-13 12:36:58,156 - paramiko.transport.sftp - DEBUG - [chan 1] Request: readdir
2026-03-13 12:36:58,236 - paramiko.transport.sftp - DEBUG - [chan 1] Request: readdir
2026-03-13 12:36:58,316 - paramiko.transport.sftp - DEBUG - [chan 1] Request: readdir
2026-03-13 12:36:58,397 - paramiko.transport.sftp - DEBUG - [chan 1] Request: readdir
2026-03-13 12:36:58,476 - paramiko.transport.sftp - DEBUG - [chan 1] Request: readdir
2026-03-13 12:36:58,529 - paramiko.transport.sftp - DEBUG - [chan 1] Request: readdir
2026-03-13 12:36:58,586 - paramiko.transport.sftp - DEBUG - [chan 1] Request: close
2026-03-13 12:36:58,849 - paramiko.transport.sftp - DEBUG - [chan 1] Request: stat
2026-03-13 12:36:58,917 - paramiko.transport.sftp - DEBUG - [chan 1] Request: stat
2026-03-13 12:36:58,976 - paramiko.transport.sftp - DEBUG - [chan 1] Request: stat
2026-03-13 12:36:59,036 - paramiko.transport.sftp - DEBUG - [chan 1] Request: opendir
2026-03-13 12:36:59,089 - paramiko.transport.sftp - DEBUG - [chan 1] Request: readdir
2026-03-13 12:36:59,149 - paramiko.transport.sftp - DEBUG - [chan 1] Request: readdir
2026-03-13 12:36:59,209 - paramiko.transport.sftp - DEBUG - [chan 1] Request: close
2026-03-13 12:36:59,350 - paramiko.transport.sftp - DEBUG - [chan 1] Request: stat
2026-03-13 12:36:59,469 - paramiko.transport.sftp - DEBUG - [chan 1] Request: stat
2026-03-13 12:36:59,570 - paramiko.transport.sftp - DEBUG - [chan 1] Request: stat
2026-03-13 12:36:59,609 - paramiko.transport - DEBUG - Received global request "keepalive@jcraft.com"
2026-03-13 12:36:59,656 - paramiko.transport.sftp - DEBUG - [chan 1] Request: stat
2026-03-13 12:36:59,848 - paramiko.transport.sftp - DEBUG - [chan 1] Request: stat
2026-03-13 12:36:59,949 - paramiko.transport.sftp - DEBUG - [chan 1] Request: stat
2026-03-13 12:37:00,076 - paramiko.transport.sftp - DEBUG - [chan 1] Request: stat
2026-03-13 12:37:00,204 - paramiko.transport.sftp - DEBUG - [chan 1] Request: stat
2026-03-13 12:37:00,329 - paramiko.transport.sftp - DEBUG - [chan 1] Request: stat
2026-03-13 12:37:00,456 - paramiko.transport.sftp - DEBUG - [chan 1] Request: stat
2026-03-13 12:37:00,556 - paramiko.transport.sftp - DEBUG - [chan 1] Request: stat
2026-03-13 12:37:00,656 - paramiko.transport.sftp - DEBUG - [chan 1] Request: stat
2026-03-13 12:37:00,796 - paramiko.transport.sftp - DEBUG - [chan 1] Request: stat
2026-03-13 12:37:00,949 - paramiko.transport.sftp - DEBUG - [chan 1] Request: stat
2026-03-13 12:37:01,049 - paramiko.transport.sftp - DEBUG - [chan 1] Request: stat
2026-03-13 12:37:01,169 - paramiko.transport.sftp - DEBUG - [chan 1] Request: stat
2026-03-13 12:37:01,290 - paramiko.transport.sftp - DEBUG - [chan 1] Request: stat
2026-03-13 12:37:01,417 - paramiko.transport.sftp - DEBUG - [chan 1] Request: stat
2026-03-13 12:37:01,557 - paramiko.transport.sftp - DEBUG - [chan 1] Request: stat
2026-03-13 12:37:01,697 - paramiko.transport.sftp - DEBUG - [chan 1] Request: stat
2026-03-13 12:37:01,829 - paramiko.transport.sftp - DEBUG - [chan 1] Request: stat
2026-03-13 12:37:01,970 - paramiko.transport.sftp - DEBUG - [chan 1] Request: stat
2026-03-13 12:37:02,110 - paramiko.transport.sftp - DEBUG - [chan 1] Request: stat
2026-03-13 12:37:02,349 - paramiko.transport.sftp - DEBUG - [chan 1] Request: stat
2026-03-13 12:37:03,270 - paramiko.transport.sftp - DEBUG - [chan 1] Request: stat
2026-03-13 12:37:03,370 - paramiko.transport.sftp - DEBUG - [chan 1] Request: stat
2026-03-13 12:37:03,429 - paramiko.transport.sftp - DEBUG - [chan 1] Request: stat
2026-03-13 12:37:03,509 - paramiko.transport.sftp - DEBUG - [chan 1] Request: opendir
2026-03-13 12:37:03,669 - paramiko.transport.sftp - DEBUG - [chan 1] Request: readdir
2026-03-13 12:37:03,756 - paramiko.transport.sftp - DEBUG - [chan 1] Request: readdir
2026-03-13 12:37:03,836 - paramiko.transport.sftp - DEBUG - [chan 1] Request: readdir
2026-03-13 12:37:03,917 - paramiko.transport.sftp - DEBUG - [chan 1] Request: readdir
2026-03-13 12:37:03,996 - paramiko.transport.sftp - DEBUG - [chan 1] Request: readdir
2026-03-13 12:37:04,065 - paramiko.transport.sftp - DEBUG - [chan 1] Request: readdir
2026-03-13 12:37:04,176 - paramiko.transport.sftp - DEBUG - [chan 1] Request: readdir
2026-03-13 12:37:04,317 - paramiko.transport.sftp - DEBUG - [chan 1] Request: readdir
2026-03-13 12:37:04,396 - paramiko.transport.sftp - DEBUG - [chan 1] Request: readdir
2026-03-13 12:37:04,517 - paramiko.transport.sftp - DEBUG - [chan 1] Request: readdir
2026-03-13 12:37:04,576 - paramiko.transport.sftp - DEBUG - [chan 1] Request: readdir
2026-03-13 12:37:04,636 - paramiko.transport.sftp - DEBUG - [chan 1] Request: readdir
2026-03-13 12:37:04,717 - paramiko.transport.sftp - DEBUG - [chan 1] Request: readdir
2026-03-13 12:37:04,796 - paramiko.transport.sftp - DEBUG - [chan 1] Request: readdir
2026-03-13 12:37:04,876 - paramiko.transport.sftp - DEBUG - [chan 1] Request: readdir
2026-03-13 12:37:05,025 - paramiko.transport.sftp - DEBUG - [chan 1] Request: readdir
2026-03-13 12:37:05,116 - paramiko.transport.sftp - DEBUG - [chan 1] Request: readdir
2026-03-13 12:37:05,276 - paramiko.transport.sftp - DEBUG - [chan 1] Request: readdir
2026-03-13 12:37:05,496 - paramiko.transport.sftp - DEBUG - [chan 1] Request: readdir
2026-03-13 12:37:05,965 - paramiko.transport.sftp - DEBUG - [chan 1] Request: readdir
2026-03-13 12:37:06,036 - paramiko.transport.sftp - DEBUG - [chan 1] Request: readdir
2026-03-13 12:37:06,116 - paramiko.transport.sftp - DEBUG - [chan 1] Request: readdir
2026-03-13 12:37:06,236 - paramiko.transport.sftp - DEBUG - [chan 1] Request: readdir
2026-03-13 12:37:06,316 - paramiko.transport.sftp - DEBUG - [chan 1] Request: readdir
2026-03-13 12:37:06,397 - paramiko.transport.sftp - DEBUG - [chan 1] Request: readdir
2026-03-13 12:37:06,484 - paramiko.transport.sftp - DEBUG - [chan 1] Request: readdir
2026-03-13 12:37:06,556 - paramiko.transport.sftp - DEBUG - [chan 1] Request: readdir
2026-03-13 12:37:06,636 - paramiko.transport.sftp - DEBUG - [chan 1] Request: readdir
2026-03-13 12:37:06,716 - paramiko.transport.sftp - DEBUG - [chan 1] Request: readdir
2026-03-13 12:37:06,797 - paramiko.transport.sftp - DEBUG - [chan 1] Request: readdir
2026-03-13 12:37:06,917 - paramiko.transport.sftp - DEBUG - [chan 1] Request: readdir
2026-03-13 12:37:06,970 - paramiko.transport.sftp - DEBUG - [chan 1] Request: readdir
2026-03-13 12:37:07,030 - paramiko.transport.sftp - DEBUG - [chan 1] Request: close
2026-03-13 12:37:09,689 - paramiko.transport - DEBUG - Received global request "keepalive@jcraft.com"
2026-03-13 12:37:10,070 - paramiko.transport.sftp - DEBUG - [chan 1] Request: stat
2026-03-13 12:37:10,169 - paramiko.transport - INFO - DEBUG: check_channel_request kind=session chanid=2
2026-03-13 12:37:10,170 - paramiko.transport - DEBUG - [chan 2] Max packet in: 32768 bytes
2026-03-13 12:37:10,170 - paramiko.transport - DEBUG - [chan 2] Max packet out: 32768 bytes
2026-03-13 12:37:10,170 - paramiko.transport - DEBUG - Secsh channel 2 (session) opened.
2026-03-13 12:37:10,230 - paramiko.transport - DEBUG - Starting handler for subsystem sftp
2026-03-13 12:37:10,230 - paramiko.transport.sftp - DEBUG - [chan 2] Started sftp server on channel <paramiko.Channel 2 (open) window=2097152 -> <paramiko.Transport at 0x39c23ad0 (cipher aes128-ctr, 128 bits) (active; 2 open channel(s))>>
2026-03-13 12:37:10,390 - paramiko.transport.sftp - DEBUG - [chan 2] Request: realpath
2026-03-13 12:37:10,469 - paramiko.transport.sftp - DEBUG - [chan 2] Request: stat
2026-03-13 12:37:10,549 - paramiko.transport.sftp - DEBUG - [chan 1] Request: stat
2026-03-13 12:37:10,629 - paramiko.transport.sftp - DEBUG - [chan 1] Request: open
2026-03-13 12:37:10,717 - paramiko.transport.sftp - DEBUG - [chan 1] Request: read
2026-03-13 12:37:10,952 - paramiko.transport.sftp - DEBUG - [chan 1] Request: read
2026-03-13 12:37:11,009 - paramiko.transport.sftp - DEBUG - [chan 1] Request: read
2026-03-13 12:37:11,077 - paramiko.transport.sftp - DEBUG - [chan 1] Request: read
2026-03-13 12:37:11,077 - paramiko.transport.sftp - DEBUG - [chan 1] Request: read
2026-03-13 12:37:11,126 - paramiko.transport.sftp - DEBUG - [chan 1] Request: read
2026-03-13 12:37:11,140 - paramiko.transport.sftp - DEBUG - [chan 1] Request: read
2026-03-13 12:37:11,209 - paramiko.transport.sftp - DEBUG - [chan 1] Request: read
2026-03-13 12:37:11,239 - paramiko.transport.sftp - DEBUG - [chan 1] Request: read
2026-03-13 12:37:11,300 - paramiko.transport.sftp - DEBUG - [chan 1] Request: read
2026-03-13 12:37:11,337 - paramiko.transport.sftp - DEBUG - [chan 1] Request: read
2026-03-13 12:37:11,401 - paramiko.transport.sftp - DEBUG - [chan 1] Request: read
2026-03-13 12:37:11,440 - paramiko.transport.sftp - DEBUG - [chan 1] Request: read
2026-03-13 12:37:11,471 - paramiko.transport.sftp - DEBUG - [chan 1] Request: read
2026-03-13 12:37:11,517 - paramiko.transport.sftp - DEBUG - [chan 1] Request: read
2026-03-13 12:37:11,570 - paramiko.transport.sftp - DEBUG - [chan 1] Request: read
2026-03-13 12:37:11,626 - paramiko.transport.sftp - DEBUG - [chan 1] Request: read
2026-03-13 12:37:11,656 - paramiko.transport.sftp - DEBUG - [chan 1] Request: read
2026-03-13 12:37:11,705 - paramiko.transport.sftp - DEBUG - [chan 1] Request: read
2026-03-13 12:37:11,776 - paramiko.transport.sftp - DEBUG - [chan 1] Request: read
2026-03-13 12:37:11,796 - paramiko.transport.sftp - DEBUG - [chan 1] Request: read
2026-03-13 12:37:11,844 - paramiko.transport.sftp - DEBUG - [chan 1] Request: read
2026-03-13 12:37:11,917 - paramiko.transport.sftp - DEBUG - [chan 1] Request: read
2026-03-13 12:37:12,057 - paramiko.transport.sftp - DEBUG - [chan 1] Request: read
2026-03-13 12:37:12,124 - paramiko.transport.sftp - DEBUG - [chan 1] Request: read
2026-03-13 12:37:12,296 - paramiko.transport.sftp - DEBUG - [chan 1] Request: read
2026-03-13 12:37:12,297 - paramiko.transport.sftp - DEBUG - [chan 1] Request: read
2026-03-13 12:37:12,384 - paramiko.transport.sftp - DEBUG - [chan 1] Request: read
2026-03-13 12:37:12,386 - paramiko.transport.sftp - DEBUG - [chan 1] Request: read
2026-03-13 12:37:12,485 - paramiko.transport.sftp - DEBUG - [chan 1] Request: read
2026-03-13 12:37:12,536 - paramiko.transport.sftp - DEBUG - [chan 1] Request: read
2026-03-13 12:37:12,609 - paramiko.transport.sftp - DEBUG - [chan 1] Request: read
2026-03-13 12:37:12,669 - paramiko.transport.sftp - DEBUG - [chan 1] Request: read
2026-03-13 12:37:12,699 - paramiko.transport.sftp - DEBUG - [chan 1] Request: read
2026-03-13 12:37:12,731 - paramiko.transport.sftp - DEBUG - [chan 1] Request: read
2026-03-13 12:37:12,797 - paramiko.transport.sftp - DEBUG - [chan 1] Request: read
2026-03-13 12:37:12,836 - paramiko.transport.sftp - DEBUG - [chan 1] Request: read
2026-03-13 12:37:12,880 - paramiko.transport.sftp - DEBUG - [chan 1] Request: read
2026-03-13 12:37:12,916 - paramiko.transport.sftp - DEBUG - [chan 1] Request: read
2026-03-13 12:37:12,977 - paramiko.transport.sftp - DEBUG - [chan 1] Request: read
2026-03-13 12:37:13,024 - paramiko.transport.sftp - DEBUG - [chan 1] Request: read
2026-03-13 12:37:13,053 - paramiko.transport.sftp - DEBUG - [chan 1] Request: read
2026-03-13 12:37:13,144 - paramiko.transport.sftp - DEBUG - [chan 1] Request: read
2026-03-13 12:37:13,152 - paramiko.transport.sftp - DEBUG - [chan 1] Request: read
2026-03-13 12:37:13,204 - paramiko.transport.sftp - DEBUG - [chan 1] Request: read
2026-03-13 12:37:13,235 - paramiko.transport.sftp - DEBUG - [chan 1] Request: read
2026-03-13 12:37:13,281 - paramiko.transport.sftp - DEBUG - [chan 1] Request: read
2026-03-13 12:37:13,333 - paramiko.transport.sftp - DEBUG - [chan 1] Request: read
2026-03-13 12:37:13,363 - paramiko.transport.sftp - DEBUG - [chan 1] Request: read
2026-03-13 12:37:13,408 - paramiko.transport.sftp - DEBUG - [chan 1] Request: read
2026-03-13 12:37:13,445 - paramiko.transport.sftp - DEBUG - [chan 1] Request: read
2026-03-13 12:37:13,516 - paramiko.transport.sftp - DEBUG - [chan 1] Request: read
2026-03-13 12:37:13,585 - paramiko.transport.sftp - DEBUG - [chan 1] Request: read
2026-03-13 12:37:13,616 - paramiko.transport.sftp - DEBUG - [chan 1] Request: read
2026-03-13 12:37:13,749 - paramiko.transport.sftp - DEBUG - [chan 1] Request: read
2026-03-13 12:37:13,750 - paramiko.transport.sftp - DEBUG - [chan 1] Request: read
2026-03-13 12:37:13,840 - paramiko.transport.sftp - DEBUG - [chan 1] Request: read
2026-03-13 12:37:13,841 - paramiko.transport.sftp - DEBUG - [chan 1] Request: read
2026-03-13 12:37:13,892 - paramiko.transport.sftp - DEBUG - [chan 1] Request: read
2026-03-13 12:37:13,918 - paramiko.transport.sftp - DEBUG - [chan 1] Request: read
2026-03-13 12:37:13,964 - paramiko.transport.sftp - DEBUG - [chan 1] Request: read
2026-03-13 12:37:13,992 - paramiko.transport.sftp - DEBUG - [chan 1] Request: read
2026-03-13 12:37:14,031 - paramiko.transport.sftp - DEBUG - [chan 1] Request: read
2026-03-13 12:37:14,062 - paramiko.transport.sftp - DEBUG - [chan 1] Request: read
2026-03-13 12:37:14,104 - paramiko.transport.sftp - DEBUG - [chan 1] Request: read
2026-03-13 12:37:14,127 - paramiko.transport.sftp - DEBUG - [chan 1] Request: read
2026-03-13 12:37:14,128 - paramiko.transport.sftp - DEBUG - [chan 1] Request: read
2026-03-13 12:37:14,194 - paramiko.transport.sftp - DEBUG - [chan 1] Request: read
2026-03-13 12:37:14,195 - paramiko.transport.sftp - DEBUG - [chan 1] Request: read
2026-03-13 12:37:14,195 - paramiko.transport.sftp - DEBUG - [chan 1] Request: read
2026-03-13 12:37:14,195 - paramiko.transport.sftp - DEBUG - [chan 1] Request: read
2026-03-13 12:37:14,195 - paramiko.transport.sftp - DEBUG - [chan 1] Request: read
2026-03-13 12:37:14,195 - paramiko.transport.sftp - DEBUG - [chan 1] Request: read
2026-03-13 12:37:14,195 - paramiko.transport.sftp - DEBUG - [chan 1] Request: read
2026-03-13 12:37:14,195 - paramiko.transport.sftp - DEBUG - [chan 1] Request: read
2026-03-13 12:37:14,195 - paramiko.transport.sftp - DEBUG - [chan 1] Request: read
2026-03-13 12:37:14,195 - paramiko.transport.sftp - DEBUG - [chan 1] Request: read
2026-03-13 12:37:14,209 - paramiko.transport.sftp - DEBUG - [chan 1] Request: read
2026-03-13 12:37:14,226 - paramiko.transport.sftp - DEBUG - [chan 1] Request: read
2026-03-13 12:37:14,269 - paramiko.transport.sftp - DEBUG - [chan 1] Request: read
2026-03-13 12:37:14,315 - paramiko.transport.sftp - DEBUG - [chan 1] Request: read
2026-03-13 12:37:14,429 - paramiko.transport.sftp - DEBUG - [chan 1] Request: read
2026-03-13 12:37:14,429 - paramiko.transport.sftp - DEBUG - [chan 1] Request: read
2026-03-13 12:37:14,430 - paramiko.transport.sftp - DEBUG - [chan 1] Request: read
2026-03-13 12:37:14,431 - paramiko.transport.sftp - DEBUG - [chan 1] Request: read
2026-03-13 12:37:14,431 - paramiko.transport.sftp - DEBUG - [chan 1] Request: read
2026-03-13 12:37:14,431 - paramiko.transport.sftp - DEBUG - [chan 1] Request: read
2026-03-13 12:37:14,436 - paramiko.transport.sftp - DEBUG - [chan 1] Request: read
2026-03-13 12:37:14,437 - paramiko.transport.sftp - DEBUG - [chan 1] Request: read
2026-03-13 12:37:14,437 - paramiko.transport.sftp - DEBUG - [chan 1] Request: read
2026-03-13 12:37:14,437 - paramiko.transport.sftp - DEBUG - [chan 1] Request: read
2026-03-13 12:37:14,497 - paramiko.transport.sftp - DEBUG - [chan 1] Request: read
2026-03-13 12:37:14,497 - paramiko.transport.sftp - DEBUG - [chan 1] Request: read
2026-03-13 12:37:14,497 - paramiko.transport.sftp - DEBUG - [chan 1] Request: read
2026-03-13 12:37:14,497 - paramiko.transport.sftp - DEBUG - [chan 1] Request: read
2026-03-13 12:37:14,497 - paramiko.transport.sftp - DEBUG - [chan 1] Request: read
2026-03-13 12:37:14,497 - paramiko.transport.sftp - DEBUG - [chan 1] Request: read
2026-03-13 12:37:14,656 - paramiko.transport.sftp - DEBUG - [chan 1] Request: close
2026-03-13 12:37:14,709 - paramiko.transport - DEBUG - [chan 1] EOF sent (1)
2026-03-13 12:37:14,710 - paramiko.transport.sftp - DEBUG - [chan 1] EOF -- end of session
2026-03-13 12:37:19,770 - paramiko.transport - DEBUG - Received global request "keepalive@jcraft.com"
2026-03-13 12:37:29,877 - paramiko.transport - DEBUG - Received global request "keepalive@jcraft.com"
2026-03-13 12:37:33,330 - paramiko.transport.sftp - DEBUG - [chan 2] Request: stat
2026-03-13 12:37:33,410 - paramiko.transport.sftp - DEBUG - [chan 2] Request: stat
2026-03-13 12:37:33,637 - paramiko.transport.sftp - DEBUG - [chan 2] Request: stat
2026-03-13 12:37:33,729 - paramiko.transport.sftp - DEBUG - [chan 2] Request: stat
2026-03-13 12:37:33,796 - paramiko.transport.sftp - DEBUG - [chan 2] Request: stat
2026-03-13 12:37:33,869 - paramiko.transport.sftp - DEBUG - [chan 2] Request: opendir
2026-03-13 12:37:33,937 - paramiko.transport.sftp - DEBUG - [chan 2] Request: readdir
2026-03-13 12:37:34,009 - paramiko.transport.sftp - DEBUG - [chan 2] Request: readdir
2026-03-13 12:37:34,077 - paramiko.transport.sftp - DEBUG - [chan 2] Request: close
2026-03-13 12:37:34,550 - paramiko.transport.sftp - DEBUG - [chan 2] Request: stat
2026-03-13 12:37:34,629 - paramiko.transport.sftp - DEBUG - [chan 2] Request: stat
2026-03-13 12:37:34,730 - paramiko.transport.sftp - DEBUG - [chan 2] Request: stat
2026-03-13 12:37:34,796 - paramiko.transport.sftp - DEBUG - [chan 2] Request: stat
2026-03-13 12:37:34,837 - paramiko.transport.sftp - DEBUG - [chan 2] Request: stat
2026-03-13 12:37:34,897 - paramiko.transport.sftp - DEBUG - [chan 2] Request: opendir
2026-03-13 12:37:35,789 - paramiko.transport.sftp - DEBUG - [chan 2] Request: readdir
2026-03-13 12:37:35,856 - paramiko.transport.sftp - DEBUG - [chan 2] Request: readdir
2026-03-13 12:37:35,916 - paramiko.transport.sftp - DEBUG - [chan 2] Request: readdir
2026-03-13 12:37:35,996 - paramiko.transport.sftp - DEBUG - [chan 2] Request: readdir
2026-03-13 12:37:36,049 - paramiko.transport.sftp - DEBUG - [chan 2] Request: readdir
2026-03-13 12:37:36,116 - paramiko.transport.sftp - DEBUG - [chan 2] Request: readdir
2026-03-13 12:37:36,176 - paramiko.transport.sftp - DEBUG - [chan 2] Request: readdir
2026-03-13 12:37:36,219 - paramiko.transport.sftp - DEBUG - [chan 2] Request: readdir
2026-03-13 12:37:36,676 - paramiko.transport.sftp - DEBUG - [chan 2] Request: readdir
2026-03-13 12:37:36,756 - paramiko.transport.sftp - DEBUG - [chan 2] Request: readdir
2026-03-13 12:37:36,816 - paramiko.transport.sftp - DEBUG - [chan 2] Request: readdir
2026-03-13 12:53:46,876 - paramiko.transport - DEBUG - EOF in transport thread
2026-03-13 12:53:46,877 - paramiko.transport.sftp - DEBUG - [chan 2] EOF -- end of session
2026-03-17 23:24:30,305 - paramiko.transport - DEBUG - starting thread (server mode): 0xd33de510
2026-03-17 23:24:30,308 - paramiko.transport - DEBUG - Local version/idstring: SSH-2.0-OpenSSH_8.2p1
2026-03-17 23:24:30,308 - paramiko.transport - DEBUG - Remote version/idstring: SSH-2.0-JSCH-0.1.72
2026-03-17 23:24:30,308 - paramiko.transport - INFO - Connected (version 2.0, client JSCH-0.1.72)
2026-03-17 23:24:30,316 - paramiko.transport - DEBUG - === Key exchange possibilities ===
2026-03-17 23:24:30,316 - paramiko.transport - DEBUG - kex algos: ecdh-sha2-nistp256, ecdh-sha2-nistp384, ecdh-sha2-nistp521, diffie-hellman-group-exchange-sha256, diffie-hellman-group16-sha512, diffie-hellman-group18-sha512, diffie-hellman-group14-sha256, ext-info-c
2026-03-17 23:24:30,316 - paramiko.transport - DEBUG - server key: ecdsa-sha2-nistp256, ecdsa-sha2-nistp384, ecdsa-sha2-nistp521, rsa-sha2-512, rsa-sha2-256, ssh-rsa
2026-03-17 23:24:30,316 - paramiko.transport - DEBUG - client encrypt: aes128-ctr, aes192-ctr, aes256-ctr, aes128-gcm@openssh.com, aes256-gcm@openssh.com
2026-03-17 23:24:30,316 - paramiko.transport - DEBUG - server encrypt: aes128-ctr, aes192-ctr, aes256-ctr, aes128-gcm@openssh.com, aes256-gcm@openssh.com
2026-03-17 23:24:30,316 - paramiko.transport - DEBUG - client mac: hmac-sha2-256-etm@openssh.com, hmac-sha2-512-etm@openssh.com, hmac-sha1-etm@openssh.com, hmac-sha2-256, hmac-sha2-512, hmac-sha1
2026-03-17 23:24:30,316 - paramiko.transport - DEBUG - server mac: hmac-sha2-256-etm@openssh.com, hmac-sha2-512-etm@openssh.com, hmac-sha1-etm@openssh.com, hmac-sha2-256, hmac-sha2-512, hmac-sha1
2026-03-17 23:24:30,316 - paramiko.transport - DEBUG - client compress: none
2026-03-17 23:24:30,316 - paramiko.transport - DEBUG - server compress: none
2026-03-17 23:24:30,316 - paramiko.transport - DEBUG - client lang: <none>
2026-03-17 23:24:30,316 - paramiko.transport - DEBUG - server lang: <none>
2026-03-17 23:24:30,316 - paramiko.transport - DEBUG - kex follows: False
2026-03-17 23:24:30,317 - paramiko.transport - DEBUG - === Key exchange agreements ===
2026-03-17 23:24:30,317 - paramiko.transport - DEBUG - Kex: ecdh-sha2-nistp256
2026-03-17 23:24:30,317 - paramiko.transport - DEBUG - HostKey: rsa-sha2-512
2026-03-17 23:24:30,317 - paramiko.transport - DEBUG - Cipher: aes128-ctr
2026-03-17 23:24:30,317 - paramiko.transport - DEBUG - MAC: hmac-sha2-256-etm@openssh.com
2026-03-17 23:24:30,317 - paramiko.transport - DEBUG - Compression: none
2026-03-17 23:24:30,317 - paramiko.transport - DEBUG - === End of kex handshake ===
2026-03-17 23:24:30,335 - paramiko.transport - DEBUG - kex engine KexNistp256 specified hash_algo <built-in function openssl_sha256>
2026-03-17 23:24:30,348 - paramiko.transport - DEBUG - Switch to new keys ...
2026-03-17 23:24:30,359 - paramiko.transport - DEBUG - Auth request (type=none) service=ssh-connection, username=davide
2026-03-17 23:24:30,359 - paramiko.transport - INFO - Auth rejected (none).
2026-03-17 23:24:30,369 - paramiko.transport - DEBUG - Auth request (type=keyboard-interactive) service=ssh-connection, username=davide
2026-03-17 23:24:30,369 - paramiko.transport - INFO - Auth rejected (keyboard-interactive).
2026-03-17 23:24:30,374 - paramiko.transport - DEBUG - Auth request (type=password) service=ssh-connection, username=davide
2026-03-17 23:24:30,791 - paramiko.transport - INFO - Auth granted (password).
2026-03-17 23:24:30,865 - paramiko.transport - INFO - DEBUG: check_channel_request kind=session chanid=0
2026-03-17 23:24:30,865 - paramiko.transport - DEBUG - [chan 0] Max packet in: 32768 bytes
2026-03-17 23:24:30,865 - paramiko.transport - DEBUG - [chan 0] Max packet out: 16384 bytes
2026-03-17 23:24:30,866 - paramiko.transport - DEBUG - Secsh channel 0 (session) opened.
2026-03-17 23:24:30,946 - paramiko.transport - DEBUG - starting thread (server mode): 0xd3332790
2026-03-17 23:24:30,946 - paramiko.transport - DEBUG - Local version/idstring: SSH-2.0-OpenSSH_8.2p1
2026-03-17 23:24:30,946 - paramiko.transport - DEBUG - Remote version/idstring: SSH-2.0-JSCH-0.1.72
2026-03-17 23:24:30,946 - paramiko.transport - INFO - Connected (version 2.0, client JSCH-0.1.72)
2026-03-17 23:24:30,949 - paramiko.transport - DEBUG - === Key exchange possibilities ===
2026-03-17 23:24:30,949 - paramiko.transport - DEBUG - kex algos: ecdh-sha2-nistp256, ecdh-sha2-nistp384, ecdh-sha2-nistp521, diffie-hellman-group-exchange-sha256, diffie-hellman-group16-sha512, diffie-hellman-group18-sha512, diffie-hellman-group14-sha256, ext-info-c
2026-03-17 23:24:30,949 - paramiko.transport - DEBUG - server key: ecdsa-sha2-nistp256, ecdsa-sha2-nistp384, ecdsa-sha2-nistp521, rsa-sha2-512, rsa-sha2-256, ssh-rsa
2026-03-17 23:24:30,949 - paramiko.transport - DEBUG - client encrypt: aes128-ctr, aes192-ctr, aes256-ctr, aes128-gcm@openssh.com, aes256-gcm@openssh.com
2026-03-17 23:24:30,949 - paramiko.transport - DEBUG - server encrypt: aes128-ctr, aes192-ctr, aes256-ctr, aes128-gcm@openssh.com, aes256-gcm@openssh.com
2026-03-17 23:24:30,949 - paramiko.transport - DEBUG - client mac: hmac-sha2-256-etm@openssh.com, hmac-sha2-512-etm@openssh.com, hmac-sha1-etm@openssh.com, hmac-sha2-256, hmac-sha2-512, hmac-sha1
2026-03-17 23:24:30,949 - paramiko.transport - DEBUG - server mac: hmac-sha2-256-etm@openssh.com, hmac-sha2-512-etm@openssh.com, hmac-sha1-etm@openssh.com, hmac-sha2-256, hmac-sha2-512, hmac-sha1
2026-03-17 23:24:30,949 - paramiko.transport - DEBUG - client compress: none
2026-03-17 23:24:30,949 - paramiko.transport - DEBUG - server compress: none
2026-03-17 23:24:30,949 - paramiko.transport - DEBUG - client lang: <none>
2026-03-17 23:24:30,949 - paramiko.transport - DEBUG - server lang: <none>
2026-03-17 23:24:30,949 - paramiko.transport - DEBUG - kex follows: False
2026-03-17 23:24:30,949 - paramiko.transport - DEBUG - === Key exchange agreements ===
2026-03-17 23:24:30,949 - paramiko.transport - DEBUG - Kex: ecdh-sha2-nistp256
2026-03-17 23:24:30,949 - paramiko.transport - DEBUG - HostKey: rsa-sha2-512
2026-03-17 23:24:30,950 - paramiko.transport - DEBUG - Cipher: aes128-ctr
2026-03-17 23:24:30,950 - paramiko.transport - DEBUG - MAC: hmac-sha2-256-etm@openssh.com
2026-03-17 23:24:30,950 - paramiko.transport - DEBUG - Compression: none
2026-03-17 23:24:30,950 - paramiko.transport - DEBUG - === End of kex handshake ===
2026-03-17 23:24:30,958 - paramiko.transport - DEBUG - kex engine KexNistp256 specified hash_algo <built-in function openssl_sha256>
2026-03-17 23:24:30,962 - paramiko.transport - DEBUG - Switch to new keys ...
2026-03-17 23:24:30,969 - paramiko.transport - DEBUG - Auth request (type=none) service=ssh-connection, username=davide
2026-03-17 23:24:30,969 - paramiko.transport - INFO - Auth rejected (none).
2026-03-17 23:24:30,972 - paramiko.transport - DEBUG - Auth request (type=keyboard-interactive) service=ssh-connection, username=davide
2026-03-17 23:24:30,972 - paramiko.transport - INFO - Auth rejected (keyboard-interactive).
2026-03-17 23:24:30,975 - paramiko.transport - DEBUG - Auth request (type=password) service=ssh-connection, username=davide
2026-03-17 23:24:31,353 - paramiko.transport - INFO - Auth granted (password).
2026-03-17 23:24:31,481 - paramiko.transport - INFO - DEBUG: check_channel_request kind=session chanid=0
2026-03-17 23:24:31,481 - paramiko.transport - DEBUG - [chan 0] Max packet in: 32768 bytes
2026-03-17 23:24:31,481 - paramiko.transport - DEBUG - [chan 0] Max packet out: 16384 bytes
2026-03-17 23:24:31,481 - paramiko.transport - DEBUG - Secsh channel 0 (session) opened.
2026-03-17 23:24:31,498 - paramiko.transport - INFO - DEBUG: check_channel_request kind=session chanid=1
2026-03-17 23:24:31,498 - paramiko.transport - DEBUG - [chan 1] Max packet in: 32768 bytes
2026-03-17 23:24:31,498 - paramiko.transport - DEBUG - [chan 1] Max packet out: 32768 bytes
2026-03-17 23:24:31,498 - paramiko.transport - DEBUG - Secsh channel 1 (session) opened.
2026-03-17 23:24:31,504 - paramiko.transport - DEBUG - [chan 0] EOF sent (0)
2026-03-17 23:24:31,505 - paramiko.transport - DEBUG - Starting handler for subsystem sftp
2026-03-17 23:24:31,505 - paramiko.transport.sftp - DEBUG - [chan 1] Started sftp server on channel <paramiko.Channel 1 (open) window=2097152 -> <paramiko.Transport at 0xd3332790 (cipher aes128-ctr, 128 bits) (active; 1 open channel(s))>>
2026-03-17 23:24:31,566 - paramiko.transport.sftp - DEBUG - [chan 1] Request: realpath
2026-03-17 23:24:31,571 - paramiko.transport.sftp - DEBUG - [chan 1] Request: stat
2026-03-17 23:24:31,599 - paramiko.transport.sftp - DEBUG - [chan 1] Request: stat
2026-03-17 23:24:31,605 - paramiko.transport.sftp - DEBUG - [chan 1] Request: stat
2026-03-17 23:24:31,610 - paramiko.transport.sftp - DEBUG - [chan 1] Request: opendir
2026-03-17 23:24:31,673 - paramiko.transport.sftp - DEBUG - [chan 1] Request: readdir
2026-03-17 23:24:31,681 - paramiko.transport.sftp - DEBUG - [chan 1] Request: readdir
2026-03-17 23:24:31,685 - paramiko.transport.sftp - DEBUG - [chan 1] Request: close
2026-03-17 23:24:35,542 - paramiko.transport.sftp - DEBUG - [chan 1] Request: stat
2026-03-17 23:24:35,564 - paramiko.transport.sftp - DEBUG - [chan 1] Request: stat
2026-03-17 23:24:35,568 - paramiko.transport.sftp - DEBUG - [chan 1] Request: stat
2026-03-17 23:24:35,573 - paramiko.transport.sftp - DEBUG - [chan 1] Request: opendir
2026-03-17 23:24:35,591 - paramiko.transport.sftp - DEBUG - [chan 1] Request: readdir
2026-03-17 23:24:35,596 - paramiko.transport.sftp - DEBUG - [chan 1] Request: readdir
2026-03-17 23:24:35,601 - paramiko.transport.sftp - DEBUG - [chan 1] Request: close
2026-03-17 23:24:37,609 - paramiko.transport.sftp - DEBUG - [chan 1] Request: stat
2026-03-17 23:24:37,653 - paramiko.transport.sftp - DEBUG - [chan 1] Request: stat
2026-03-17 23:24:37,699 - paramiko.transport.sftp - DEBUG - [chan 1] Request: stat
2026-03-17 23:24:37,723 - paramiko.transport.sftp - DEBUG - [chan 1] Request: stat
2026-03-17 23:24:37,727 - paramiko.transport.sftp - DEBUG - [chan 1] Request: stat
2026-03-17 23:24:37,731 - paramiko.transport.sftp - DEBUG - [chan 1] Request: opendir
2026-03-17 23:24:37,820 - paramiko.transport.sftp - DEBUG - [chan 1] Request: readdir
2026-03-17 23:24:37,828 - paramiko.transport.sftp - DEBUG - [chan 1] Request: readdir
2026-03-17 23:24:37,833 - paramiko.transport.sftp - DEBUG - [chan 1] Request: close
2026-03-17 23:24:40,906 - paramiko.transport - DEBUG - Received global request "keepalive@jcraft.com"
2026-03-17 23:24:46,888 - paramiko.transport - ERROR - Socket exception: Connection reset by peer (104)
2026-03-17 23:24:46,889 - paramiko.transport - ERROR - Socket exception: Connection reset by peer (104)
2026-03-17 23:24:46,889 - paramiko.transport.sftp - DEBUG - [chan 1] EOF -- end of session
2026-03-17 23:27:17,088 - paramiko.transport - DEBUG - starting thread (server mode): 0xd3332550
2026-03-17 23:27:17,089 - paramiko.transport - DEBUG - Local version/idstring: SSH-2.0-OpenSSH_8.2p1
2026-03-17 23:27:17,095 - paramiko.transport - DEBUG - Banner: GET /.well-known/immich HTTP/1.1
2026-03-17 23:27:17,095 - paramiko.transport - DEBUG - Banner: user-agent: Dart/3.9 (dart:io)
2026-03-17 23:27:17,095 - paramiko.transport - DEBUG - Banner: accept: application/json
2026-03-17 23:27:17,095 - paramiko.transport - DEBUG - Banner: accept-encoding: gzip
2026-03-17 23:27:17,095 - paramiko.transport - DEBUG - Banner: host: raspberrypi:2222
2026-03-17 23:27:17,095 - paramiko.transport - DEBUG - Banner: 
2026-03-17 23:27:17,097 - paramiko.transport - ERROR - Exception (server): Error reading SSH protocol banner
2026-03-17 23:27:17,100 - paramiko.transport - ERROR - Traceback (most recent call last):
2026-03-17 23:27:17,100 - paramiko.transport - ERROR -   File "/home/davide/naszuin/.venv/lib/python3.11/site-packages/paramiko/transport.py", line 2327, in _check_banner
2026-03-17 23:27:17,100 - paramiko.transport - ERROR -     buf = self.packetizer.readline(timeout)
2026-03-17 23:27:17,100 - paramiko.transport - ERROR -           ^^^^^^^^^^^^^^^^^^^^^^^^^^^^^^^^^
2026-03-17 23:27:17,100 - paramiko.transport - ERROR -   File "/home/davide/naszuin/.venv/lib/python3.11/site-packages/paramiko/packet.py", line 381, in readline
2026-03-17 23:27:17,100 - paramiko.transport - ERROR -     buf += self._read_timeout(timeout)
2026-03-17 23:27:17,100 - paramiko.transport - ERROR -            ^^^^^^^^^^^^^^^^^^^^^^^^^^^
2026-03-17 23:27:17,100 - paramiko.transport - ERROR -   File "/home/davide/naszuin/.venv/lib/python3.11/site-packages/paramiko/packet.py", line 618, in _read_timeout
2026-03-17 23:27:17,100 - paramiko.transport - ERROR -     raise EOFError()
2026-03-17 23:27:17,100 - paramiko.transport - ERROR - EOFError
2026-03-17 23:27:17,100 - paramiko.transport - ERROR - 
2026-03-17 23:27:17,100 - paramiko.transport - ERROR - During handling of the above exception, another exception occurred:
2026-03-17 23:27:17,100 - paramiko.transport - ERROR - 
2026-03-17 23:27:17,100 - paramiko.transport - ERROR - Traceback (most recent call last):
2026-03-17 23:27:17,100 - paramiko.transport - ERROR -   File "/home/davide/naszuin/.venv/lib/python3.11/site-packages/paramiko/transport.py", line 2143, in run
2026-03-17 23:27:17,100 - paramiko.transport - ERROR -     self._check_banner()
2026-03-17 23:27:17,100 - paramiko.transport - ERROR -   File "/home/davide/naszuin/.venv/lib/python3.11/site-packages/paramiko/transport.py", line 2331, in _check_banner
2026-03-17 23:27:17,100 - paramiko.transport - ERROR -     raise SSHException(
2026-03-17 23:27:17,100 - paramiko.transport - ERROR - paramiko.ssh_exception.SSHException: Error reading SSH protocol banner
2026-03-17 23:27:17,100 - paramiko.transport - ERROR - 
2026-03-17 23:27:17,111 - paramiko.transport - DEBUG - starting thread (server mode): 0xd32fd090
2026-03-17 23:27:17,111 - paramiko.transport - DEBUG - Local version/idstring: SSH-2.0-OpenSSH_8.2p1
2026-03-17 23:27:17,111 - paramiko.transport - DEBUG - Banner: GET /api/server/ping HTTP/1.1
2026-03-17 23:27:17,112 - paramiko.transport - DEBUG - Banner: user-agent: Immich_Android_2.5.6
2026-03-17 23:27:17,112 - paramiko.transport - DEBUG - Banner: accept-encoding: gzip
2026-03-17 23:27:17,112 - paramiko.transport - DEBUG - Banner: host: raspberrypi:2222
2026-03-17 23:27:17,112 - paramiko.transport - DEBUG - Banner: 
2026-03-17 23:27:17,115 - paramiko.transport - ERROR - Exception (server): Error reading SSH protocol banner
2026-03-17 23:27:17,116 - paramiko.transport - ERROR - Traceback (most recent call last):
2026-03-17 23:27:17,116 - paramiko.transport - ERROR -   File "/home/davide/naszuin/.venv/lib/python3.11/site-packages/paramiko/transport.py", line 2327, in _check_banner
2026-03-17 23:27:17,116 - paramiko.transport - ERROR -     buf = self.packetizer.readline(timeout)
2026-03-17 23:27:17,116 - paramiko.transport - ERROR -           ^^^^^^^^^^^^^^^^^^^^^^^^^^^^^^^^^
2026-03-17 23:27:17,116 - paramiko.transport - ERROR -   File "/home/davide/naszuin/.venv/lib/python3.11/site-packages/paramiko/packet.py", line 381, in readline
2026-03-17 23:27:17,116 - paramiko.transport - ERROR -     buf += self._read_timeout(timeout)
2026-03-17 23:27:17,116 - paramiko.transport - ERROR -            ^^^^^^^^^^^^^^^^^^^^^^^^^^^
2026-03-17 23:27:17,116 - paramiko.transport - ERROR -   File "/home/davide/naszuin/.venv/lib/python3.11/site-packages/paramiko/packet.py", line 618, in _read_timeout
2026-03-17 23:27:17,116 - paramiko.transport - ERROR -     raise EOFError()
2026-03-17 23:27:17,116 - paramiko.transport - ERROR - EOFError
2026-03-17 23:27:17,116 - paramiko.transport - ERROR - 
2026-03-17 23:27:17,116 - paramiko.transport - ERROR - During handling of the above exception, another exception occurred:
2026-03-17 23:27:17,116 - paramiko.transport - ERROR - 
2026-03-17 23:27:17,116 - paramiko.transport - ERROR - Traceback (most recent call last):
2026-03-17 23:27:17,116 - paramiko.transport - ERROR -   File "/home/davide/naszuin/.venv/lib/python3.11/site-packages/paramiko/transport.py", line 2143, in run
2026-03-17 23:27:17,116 - paramiko.transport - ERROR -     self._check_banner()
2026-03-17 23:27:17,116 - paramiko.transport - ERROR -   File "/home/davide/naszuin/.venv/lib/python3.11/site-packages/paramiko/transport.py", line 2331, in _check_banner
2026-03-17 23:27:17,116 - paramiko.transport - ERROR -     raise SSHException(
2026-03-17 23:27:17,116 - paramiko.transport - ERROR - paramiko.ssh_exception.SSHException: Error reading SSH protocol banner
2026-03-17 23:27:17,116 - paramiko.transport - ERROR - 
2026-03-17 23:28:04,611 - paramiko.transport - DEBUG - starting thread (server mode): 0xd3372190
2026-03-17 23:28:04,611 - paramiko.transport - DEBUG - Local version/idstring: SSH-2.0-OpenSSH_8.2p1
2026-03-17 23:28:04,611 - paramiko.transport - DEBUG - Banner: GET /.well-known/immich HTTP/1.1
2026-03-17 23:28:04,611 - paramiko.transport - DEBUG - Banner: user-agent: Dart/3.9 (dart:io)
2026-03-17 23:28:04,611 - paramiko.transport - DEBUG - Banner: accept: application/json
2026-03-17 23:28:04,611 - paramiko.transport - DEBUG - Banner: accept-encoding: gzip
2026-03-17 23:28:04,611 - paramiko.transport - DEBUG - Banner: host: raspberrypi:2222
2026-03-17 23:28:04,611 - paramiko.transport - DEBUG - Banner: 
2026-03-17 23:28:04,614 - paramiko.transport - ERROR - Exception (server): Error reading SSH protocol banner
2026-03-17 23:28:04,615 - paramiko.transport - ERROR - Traceback (most recent call last):
2026-03-17 23:28:04,615 - paramiko.transport - ERROR -   File "/home/davide/naszuin/.venv/lib/python3.11/site-packages/paramiko/transport.py", line 2327, in _check_banner
2026-03-17 23:28:04,615 - paramiko.transport - ERROR -     buf = self.packetizer.readline(timeout)
2026-03-17 23:28:04,615 - paramiko.transport - ERROR -           ^^^^^^^^^^^^^^^^^^^^^^^^^^^^^^^^^
2026-03-17 23:28:04,615 - paramiko.transport - ERROR -   File "/home/davide/naszuin/.venv/lib/python3.11/site-packages/paramiko/packet.py", line 381, in readline
2026-03-17 23:28:04,615 - paramiko.transport - ERROR -     buf += self._read_timeout(timeout)
2026-03-17 23:28:04,615 - paramiko.transport - ERROR -            ^^^^^^^^^^^^^^^^^^^^^^^^^^^
2026-03-17 23:28:04,615 - paramiko.transport - ERROR -   File "/home/davide/naszuin/.venv/lib/python3.11/site-packages/paramiko/packet.py", line 618, in _read_timeout
2026-03-17 23:28:04,615 - paramiko.transport - ERROR -     raise EOFError()
2026-03-17 23:28:04,615 - paramiko.transport - ERROR - EOFError
2026-03-17 23:28:04,615 - paramiko.transport - ERROR - 
2026-03-17 23:28:04,615 - paramiko.transport - ERROR - During handling of the above exception, another exception occurred:
2026-03-17 23:28:04,615 - paramiko.transport - ERROR - 
2026-03-17 23:28:04,615 - paramiko.transport - ERROR - Traceback (most recent call last):
2026-03-17 23:28:04,615 - paramiko.transport - ERROR -   File "/home/davide/naszuin/.venv/lib/python3.11/site-packages/paramiko/transport.py", line 2143, in run
2026-03-17 23:28:04,615 - paramiko.transport - ERROR -     self._check_banner()
2026-03-17 23:28:04,615 - paramiko.transport - ERROR -   File "/home/davide/naszuin/.venv/lib/python3.11/site-packages/paramiko/transport.py", line 2331, in _check_banner
2026-03-17 23:28:04,615 - paramiko.transport - ERROR -     raise SSHException(
2026-03-17 23:28:04,615 - paramiko.transport - ERROR - paramiko.ssh_exception.SSHException: Error reading SSH protocol banner
2026-03-17 23:28:04,615 - paramiko.transport - ERROR - 
2026-03-17 23:28:04,631 - paramiko.transport - DEBUG - starting thread (server mode): 0xd3372e10
2026-03-17 23:28:04,631 - paramiko.transport - DEBUG - Local version/idstring: SSH-2.0-OpenSSH_8.2p1
2026-03-17 23:28:04,631 - paramiko.transport - DEBUG - Banner: GET /api/server/ping HTTP/1.1
2026-03-17 23:28:04,631 - paramiko.transport - DEBUG - Banner: user-agent: Immich_Android_2.5.6
2026-03-17 23:28:04,631 - paramiko.transport - DEBUG - Banner: accept-encoding: gzip
2026-03-17 23:28:04,631 - paramiko.transport - DEBUG - Banner: host: raspberrypi:2222
2026-03-17 23:28:04,631 - paramiko.transport - DEBUG - Banner: 
2026-03-17 23:28:04,636 - paramiko.transport - ERROR - Exception (server): Error reading SSH protocol banner
2026-03-17 23:28:04,637 - paramiko.transport - ERROR - Traceback (most recent call last):
2026-03-17 23:28:04,637 - paramiko.transport - ERROR -   File "/home/davide/naszuin/.venv/lib/python3.11/site-packages/paramiko/transport.py", line 2327, in _check_banner
2026-03-17 23:28:04,637 - paramiko.transport - ERROR -     buf = self.packetizer.readline(timeout)
2026-03-17 23:28:04,637 - paramiko.transport - ERROR -           ^^^^^^^^^^^^^^^^^^^^^^^^^^^^^^^^^
2026-03-17 23:28:04,637 - paramiko.transport - ERROR -   File "/home/davide/naszuin/.venv/lib/python3.11/site-packages/paramiko/packet.py", line 381, in readline
2026-03-17 23:28:04,637 - paramiko.transport - ERROR -     buf += self._read_timeout(timeout)
2026-03-17 23:28:04,637 - paramiko.transport - ERROR -            ^^^^^^^^^^^^^^^^^^^^^^^^^^^
2026-03-17 23:28:04,637 - paramiko.transport - ERROR -   File "/home/davide/naszuin/.venv/lib/python3.11/site-packages/paramiko/packet.py", line 618, in _read_timeout
2026-03-17 23:28:04,637 - paramiko.transport - ERROR -     raise EOFError()
2026-03-17 23:28:04,637 - paramiko.transport - ERROR - EOFError
2026-03-17 23:28:04,637 - paramiko.transport - ERROR - 
2026-03-17 23:28:04,637 - paramiko.transport - ERROR - During handling of the above exception, another exception occurred:
2026-03-17 23:28:04,637 - paramiko.transport - ERROR - 
2026-03-17 23:28:04,637 - paramiko.transport - ERROR - Traceback (most recent call last):
2026-03-17 23:28:04,637 - paramiko.transport - ERROR -   File "/home/davide/naszuin/.venv/lib/python3.11/site-packages/paramiko/transport.py", line 2143, in run
2026-03-17 23:28:04,637 - paramiko.transport - ERROR -     self._check_banner()
2026-03-17 23:28:04,637 - paramiko.transport - ERROR -   File "/home/davide/naszuin/.venv/lib/python3.11/site-packages/paramiko/transport.py", line 2331, in _check_banner
2026-03-17 23:28:04,637 - paramiko.transport - ERROR -     raise SSHException(
2026-03-17 23:28:04,637 - paramiko.transport - ERROR - paramiko.ssh_exception.SSHException: Error reading SSH protocol banner
2026-03-17 23:28:04,637 - paramiko.transport - ERROR - 
2026-03-17 23:30:31,795 - paramiko.transport - DEBUG - starting thread (server mode): 0xd3373a90
2026-03-17 23:30:31,795 - paramiko.transport - DEBUG - Local version/idstring: SSH-2.0-OpenSSH_8.2p1
2026-03-17 23:30:31,796 - paramiko.transport - ERROR - Exception (server): Error reading SSH protocol banner'utf-8' codec can't decode byte 0xf3 in position 4: invalid continuation byte
2026-03-17 23:30:31,799 - paramiko.transport - ERROR - Traceback (most recent call last):
2026-03-17 23:30:31,799 - paramiko.transport - ERROR -   File "/home/davide/naszuin/.venv/lib/python3.11/site-packages/paramiko/transport.py", line 2327, in _check_banner
2026-03-17 23:30:31,799 - paramiko.transport - ERROR -     buf = self.packetizer.readline(timeout)
2026-03-17 23:30:31,799 - paramiko.transport - ERROR -           ^^^^^^^^^^^^^^^^^^^^^^^^^^^^^^^^^
2026-03-17 23:30:31,799 - paramiko.transport - ERROR -   File "/home/davide/naszuin/.venv/lib/python3.11/site-packages/paramiko/packet.py", line 387, in readline
2026-03-17 23:30:31,799 - paramiko.transport - ERROR -     return u(buf)
2026-03-17 23:30:31,799 - paramiko.transport - ERROR -            ^^^^^^
2026-03-17 23:30:31,799 - paramiko.transport - ERROR -   File "/home/davide/naszuin/.venv/lib/python3.11/site-packages/paramiko/util.py", line 333, in u
2026-03-17 23:30:31,799 - paramiko.transport - ERROR -     return s.decode(encoding)
2026-03-17 23:30:31,799 - paramiko.transport - ERROR -            ^^^^^^^^^^^^^^^^^^
2026-03-17 23:30:31,799 - paramiko.transport - ERROR - UnicodeDecodeError: 'utf-8' codec can't decode byte 0xf3 in position 4: invalid continuation byte
2026-03-17 23:30:31,799 - paramiko.transport - ERROR - 
2026-03-17 23:30:31,799 - paramiko.transport - ERROR - During handling of the above exception, another exception occurred:
2026-03-17 23:30:31,799 - paramiko.transport - ERROR - 
2026-03-17 23:30:31,799 - paramiko.transport - ERROR - Traceback (most recent call last):
2026-03-17 23:30:31,799 - paramiko.transport - ERROR -   File "/home/davide/naszuin/.venv/lib/python3.11/site-packages/paramiko/transport.py", line 2143, in run
2026-03-17 23:30:31,799 - paramiko.transport - ERROR -     self._check_banner()
2026-03-17 23:30:31,799 - paramiko.transport - ERROR -   File "/home/davide/naszuin/.venv/lib/python3.11/site-packages/paramiko/transport.py", line 2331, in _check_banner
2026-03-17 23:30:31,799 - paramiko.transport - ERROR -     raise SSHException(
2026-03-17 23:30:31,799 - paramiko.transport - ERROR - paramiko.ssh_exception.SSHException: Error reading SSH protocol banner'utf-8' codec can't decode byte 0xf3 in position 4: invalid continuation byte
2026-03-17 23:30:31,800 - paramiko.transport - ERROR - 
2026-03-17 23:30:31,830 - paramiko.transport - DEBUG - starting thread (server mode): 0xd337d510
2026-03-17 23:30:31,830 - paramiko.transport - DEBUG - Local version/idstring: SSH-2.0-OpenSSH_8.2p1
2026-03-17 23:30:31,838 - paramiko.transport - ERROR - Exception (server): Error reading SSH protocol banner'utf-8' codec can't decode byte 0xf3 in position 4: invalid continuation byte
2026-03-17 23:30:31,839 - paramiko.transport - ERROR - Traceback (most recent call last):
2026-03-17 23:30:31,839 - paramiko.transport - ERROR -   File "/home/davide/naszuin/.venv/lib/python3.11/site-packages/paramiko/transport.py", line 2327, in _check_banner
2026-03-17 23:30:31,839 - paramiko.transport - ERROR -     buf = self.packetizer.readline(timeout)
2026-03-17 23:30:31,839 - paramiko.transport - ERROR -           ^^^^^^^^^^^^^^^^^^^^^^^^^^^^^^^^^
2026-03-17 23:30:31,839 - paramiko.transport - ERROR -   File "/home/davide/naszuin/.venv/lib/python3.11/site-packages/paramiko/packet.py", line 387, in readline
2026-03-17 23:30:31,839 - paramiko.transport - ERROR -     return u(buf)
2026-03-17 23:30:31,839 - paramiko.transport - ERROR -            ^^^^^^
2026-03-17 23:30:31,839 - paramiko.transport - ERROR -   File "/home/davide/naszuin/.venv/lib/python3.11/site-packages/paramiko/util.py", line 333, in u
2026-03-17 23:30:31,839 - paramiko.transport - ERROR -     return s.decode(encoding)
2026-03-17 23:30:31,839 - paramiko.transport - ERROR -            ^^^^^^^^^^^^^^^^^^
2026-03-17 23:30:31,839 - paramiko.transport - ERROR - UnicodeDecodeError: 'utf-8' codec can't decode byte 0xf3 in position 4: invalid continuation byte
2026-03-17 23:30:31,839 - paramiko.transport - ERROR - 
2026-03-17 23:30:31,839 - paramiko.transport - ERROR - During handling of the above exception, another exception occurred:
2026-03-17 23:30:31,839 - paramiko.transport - ERROR - 
2026-03-17 23:30:31,839 - paramiko.transport - ERROR - Traceback (most recent call last):
2026-03-17 23:30:31,839 - paramiko.transport - ERROR -   File "/home/davide/naszuin/.venv/lib/python3.11/site-packages/paramiko/transport.py", line 2143, in run
2026-03-17 23:30:31,839 - paramiko.transport - ERROR -     self._check_banner()
2026-03-17 23:30:31,839 - paramiko.transport - ERROR -   File "/home/davide/naszuin/.venv/lib/python3.11/site-packages/paramiko/transport.py", line 2331, in _check_banner
2026-03-17 23:30:31,839 - paramiko.transport - ERROR -     raise SSHException(
2026-03-17 23:30:31,839 - paramiko.transport - ERROR - paramiko.ssh_exception.SSHException: Error reading SSH protocol banner'utf-8' codec can't decode byte 0xf3 in position 4: invalid continuation byte
2026-03-17 23:30:31,839 - paramiko.transport - ERROR - 
